ubigeo,departamento,provincia,distrito,lat,lon
010101,AMAZONAS,CHACHAPOYAS,CHACHAPOYAS,-6.22944,-77.87278
010102,AMAZONAS,CHACHAPOYAS,ASUNCION,-6.0325,-77.71083
010103,AMAZONAS,CHACHAPOYAS,BALSAS,-6.83583,-78.01972
010104,AMAZONAS,CHACHAPOYAS,CHETO,-6.25556,-77.70083
010105,AMAZONAS,CHACHAPOYAS,CHILIQUIN,-6.07833,-77.7375
010106,AMAZONAS,CHACHAPOYAS,CHUQUIBAMBA,-6.935,-77.85417
010107,AMAZONAS,CHACHAPOYAS,GRANADA,-6.10639,-77.62861
010108,AMAZONAS,CHACHAPOYAS,HUANCAS,-6.17361,-77.86444
010109,AMAZONAS,CHACHAPOYAS,LA JALCA,-6.48472,-77.815
010110,AMAZONAS,CHACHAPOYAS,LEIMEBAMBA,-6.7075,-77.80389
010111,AMAZONAS,CHACHAPOYAS,LEVANTO,-6.30778,-77.89917
010112,AMAZONAS,CHACHAPOYAS,MAGDALENA,-6.37306,-77.90167
010113,AMAZONAS,CHACHAPOYAS,MARISCAL CASTILLA,-6.59444,-77.80861
010114,AMAZONAS,CHACHAPOYAS,MOLINOPAMPA,-6.20917,-77.66917
010115,AMAZONAS,CHACHAPOYAS,MONTEVIDEO,-6.61806,-77.80222
010116,AMAZONAS,CHACHAPOYAS,OLLEROS,-6.02389,-77.67639
010117,AMAZONAS,CHACHAPOYAS,QUINJALCA,-6.09139,-77.67861
010118,AMAZONAS,CHACHAPOYAS,SAN FRANCISCO DE DAGUAS,-6.22917,-77.74
010119,AMAZONAS,CHACHAPOYAS,SAN ISIDRO DE MAINO,-6.33722,-77.88056
010120,AMAZONAS,CHACHAPOYAS,SOLOCO,-6.26056,-77.74417
010121,AMAZONAS,CHACHAPOYAS,SONCHE,-6.21889,-77.77528
010201,AMAZONAS,BAGUA,BAGUA,-5.63889,-78.53111
010202,AMAZONAS,BAGUA,ARAMANGO,-5.41639,-78.43778
010203,AMAZONAS,BAGUA,COPALLIN,-5.675,-78.42306
010204,AMAZONAS,BAGUA,EL PARCO,-5.625,-78.47528
010205,AMAZONAS,BAGUA,IMAZA,-5.16361,-78.28889
010206,AMAZONAS,BAGUA,LA PECA,-5.61194,-78.43694
010301,AMAZONAS,BONGARA,JUMBILLA,-5.90444,-77.79778
010302,AMAZONAS,BONGARA,CHISQUILLA,-5.8975,-77.78611
010303,AMAZONAS,BONGARA,CHURUJA,-6.01944,-77.95194
010304,AMAZONAS,BONGARA,COROSHA,-5.84333,-77.8225
010305,AMAZONAS,BONGARA,CUISPES,-5.92833,-77.94611
010306,AMAZONAS,BONGARA,FLORIDA,-5.82611,-77.96944
010307,AMAZONAS,BONGARA,JAZAN,-5.94139,-77.97722
010308,AMAZONAS,BONGARA,RECTA,-5.91778,-77.78889
010309,AMAZONAS,BONGARA,SAN CARLOS,-5.96611,-77.94528
010310,AMAZONAS,BONGARA,SHIPASBAMBA,-5.91056,-77.98056
010311,AMAZONAS,BONGARA,VALERA,-6.04278,-77.91917
010312,AMAZONAS,BONGARA,YAMBRASBAMBA,-5.73528,-77.925
010401,AMAZONAS,CONDORCANQUI,NIEVA,-4.59222,-77.86444
010402,AMAZONAS,CONDORCANQUI,EL CENEPA,-4.45556,-78.15889
010403,AMAZONAS,CONDORCANQUI,RIO SANTIAGO,-4.01583,-77.76083
010501,AMAZONAS,LUYA,LAMUD,-6.13917,-77.95222
010502,AMAZONAS,LUYA,CAMPORREDONDO,-6.21333,-78.32
010503,AMAZONAS,LUYA,COCABAMBA,-6.61417,-78.005
010504,AMAZONAS,LUYA,COLCAMAR,-6.29944,-77.97306
010505,AMAZONAS,LUYA,CONILA,-6.15917,-78.14194
010506,AMAZONAS,LUYA,INGUILPATA,-6.23944,-77.95389
010507,AMAZONAS,LUYA,LONGUITA,-6.41361,-77.96833
010508,AMAZONAS,LUYA,LONYA CHICO,-6.22972,-77.955
010509,AMAZONAS,LUYA,LUYA,-6.16417,-77.94417
010510,AMAZONAS,LUYA,LUYA VIEJO,-6.1275,-78.085
010511,AMAZONAS,LUYA,MARIA,-6.42889,-77.96083
010512,AMAZONAS,LUYA,OCALLI,-6.23528,-78.26639
010513,AMAZONAS,LUYA,OCUMAL,-6.2825,-78.21083
010514,AMAZONAS,LUYA,PISUQUIA,-6.45333,-78.09194
010515,AMAZONAS,LUYA,PROVIDENCIA,-6.29722,-78.24083
010516,AMAZONAS,LUYA,SAN CRISTOBAL,-6.10167,-77.95972
010517,AMAZONAS,LUYA,SAN FRANCISCO DE YESO,-6.64694,-77.81167
010518,AMAZONAS,LUYA,SAN JERONIMO,-6.05972,-77.97444
010519,AMAZONAS,LUYA,SAN JUAN DE LOPECANCHA,-6.49639,-77.86194
010520,AMAZONAS,LUYA,SANTA CATALINA,-6.11361,-78.06083
010521,AMAZONAS,LUYA,SANTO TOMAS,-6.5725,-77.86583
010522,AMAZONAS,LUYA,TINGO,-6.37972,-77.90583
010523,AMAZONAS,LUYA,TRITA,-6.15194,-77.98083
010601,AMAZONAS,RODRIGUEZ DE MENDOZA,SAN NICOLAS,-6.39528,-77.48222
010602,AMAZONAS,RODRIGUEZ DE MENDOZA,CHIRIMOTO,-6.52306,-77.4425
010603,AMAZONAS,RODRIGUEZ DE MENDOZA,COCHAMAL,-6.4075,-77.58528
010604,AMAZONAS,RODRIGUEZ DE MENDOZA,HUAMBO,-6.43111,-77.53667
010605,AMAZONAS,RODRIGUEZ DE MENDOZA,LIMABAMBA,-6.49806,-77.49889
010606,AMAZONAS,RODRIGUEZ DE MENDOZA,LONGAR,-6.38583,-77.54667
010607,AMAZONAS,RODRIGUEZ DE MENDOZA,MARISCAL BENAVIDES,-6.38611,-77.50444
010608,AMAZONAS,RODRIGUEZ DE MENDOZA,MILPUC,-6.5,-77.43639
010609,AMAZONAS,RODRIGUEZ DE MENDOZA,OMIA,-6.46778,-77.39556
010610,AMAZONAS,RODRIGUEZ DE MENDOZA,SANTA ROSA,-6.45361,-77.45528
010611,AMAZONAS,RODRIGUEZ DE MENDOZA,TOTORA,-6.49306,-77.47167
010612,AMAZONAS,RODRIGUEZ DE MENDOZA,VISTA ALEGRE,-6.15083,-77.30389
010701,AMAZONAS,UTCUBAMBA,BAGUA GRANDE,-5.75472,-78.44278
010702,AMAZONAS,UTCUBAMBA,CAJARURO,-5.73639,-78.42667
010703,AMAZONAS,UTCUBAMBA,CUMBA,-5.93556,-78.66361
010704,AMAZONAS,UTCUBAMBA,EL MILAGRO,-5.63778,-78.55833
010705,AMAZONAS,UTCUBAMBA,JAMALCA,-5.89417,-78.23778
010706,AMAZONAS,UTCUBAMBA,LONYA GRANDE,-6.09639,-78.4225
010707,AMAZONAS,UTCUBAMBA,YAMON,-6.05083,-78.52889
020101,ANCASH,HUARAZ,HUARAZ,-9.52972,-77.52917
020102,ANCASH,HUARAZ,COCHABAMBA,-9.495,-77.85944
020103,ANCASH,HUARAZ,COLCABAMBA,-9.59472,-77.80861
020104,ANCASH,HUARAZ,HUANCHAY,-9.72361,-77.81861
020105,ANCASH,HUARAZ,INDEPENDENCIA,-9.51444,-77.5325
020106,ANCASH,HUARAZ,JANGAS,-9.40056,-77.5775
020107,ANCASH,HUARAZ,LA LIBERTAD,-9.63306,-77.74139
020108,ANCASH,HUARAZ,OLLEROS,-9.66667,-77.46556
020109,ANCASH,HUARAZ,PAMPAS GRANDE,-9.65528,-77.82611
020110,ANCASH,HUARAZ,PARIACOTO,-9.55944,-77.89056
020111,ANCASH,HUARAZ,PIRA,-9.58111,-77.70722
020112,ANCASH,HUARAZ,TARICA,-9.39361,-77.575
020201,ANCASH,AIJA,AIJA,-9.78028,-77.61056
020202,ANCASH,AIJA,CORIS,-9.82056,-77.71944
020203,ANCASH,AIJA,HUACLLAN,-9.79806,-77.67528
020204,ANCASH,AIJA,LA MERCED,-9.73556,-77.61611
020205,ANCASH,AIJA,SUCCHA,-9.82306,-77.64972
020301,ANCASH,ANTONIO RAYMONDI,LLAMELLIN,-9.10083,-77.01694
020302,ANCASH,ANTONIO RAYMONDI,ACZO,-9.15194,-76.98889
020303,ANCASH,ANTONIO RAYMONDI,CHACCHO,-9.05972,-77.05833
020304,ANCASH,ANTONIO RAYMONDI,CHINGAS,-9.11861,-76.99194
020305,ANCASH,ANTONIO RAYMONDI,MIRGAS,-9.07861,-77.0925
020306,ANCASH,ANTONIO RAYMONDI,SAN JUAN DE RONTOY,-9.17528,-77.00278
020401,ANCASH,ASUNCION,CHACAS,-9.16222,-77.36583
020402,ANCASH,ASUNCION,ACOCHACA,-9.11472,-77.36833
020501,ANCASH,BOLOGNESI,CHIQUIAN,-10.15194,-77.15639
020502,ANCASH,BOLOGNESI,ABELARDO PARDO LEZAMETA,-10.29917,-77.14639
020503,ANCASH,BOLOGNESI,ANTONIO RAYMONDI,-10.15722,-77.47056
020504,ANCASH,BOLOGNESI,AQUIA,-10.07444,-77.145
020505,ANCASH,BOLOGNESI,CAJACAY,-10.15528,-77.43972
020506,ANCASH,BOLOGNESI,CANIS,-10.33889,-77.16889
020507,ANCASH,BOLOGNESI,COLQUIOC,-10.31222,-77.61528
020508,ANCASH,BOLOGNESI,HUALLANCA,-9.89944,-76.94167
020509,ANCASH,BOLOGNESI,HUASTA,-10.12333,-77.14667
020510,ANCASH,BOLOGNESI,HUAYLLACAYAN,-10.245,-77.43472
020511,ANCASH,BOLOGNESI,LA PRIMAVERA,-10.33556,-77.12528
020512,ANCASH,BOLOGNESI,MANGAS,-10.36944,-77.10333
020513,ANCASH,BOLOGNESI,PACLLON,-10.23444,-77.07167
020514,ANCASH,BOLOGNESI,SAN MIGUEL DE CORPANQUI,-10.285,-77.19889
020515,ANCASH,BOLOGNESI,TICLLOS,-10.25306,-77.19083
020601,ANCASH,CARHUAZ,CARHUAZ,-9.28139,-77.64667
020602,ANCASH,CARHUAZ,ACOPAMPA,-9.29472,-77.62528
020603,ANCASH,CARHUAZ,AMASHCA,-9.23917,-77.64667
020604,ANCASH,CARHUAZ,ANTA,-9.35778,-77.59889
020605,ANCASH,CARHUAZ,ATAQUERO,-9.26222,-77.69167
020606,ANCASH,CARHUAZ,MARCARA,-9.32278,-77.60361
020607,ANCASH,CARHUAZ,PARIAHUANCA,-9.36528,-77.58083
020608,ANCASH,CARHUAZ,SAN MIGUEL DE ACO,-9.36833,-77.56444
020609,ANCASH,CARHUAZ,SHILLA,-9.23167,-77.625
020610,ANCASH,CARHUAZ,TINCO,-9.27083,-77.6775
020611,ANCASH,CARHUAZ,YUNGAR,-9.3775,-77.59222
020701,ANCASH,CARLOS FERMIN FITZCARRALD,SAN LUIS,-9.09417,-77.32889
020702,ANCASH,CARLOS FERMIN FITZCARRALD,SAN NICOLAS,-8.97583,-77.18917
020703,ANCASH,CARLOS FERMIN FITZCARRALD,YAUYA,-8.99111,-77.29139
020801,ANCASH,CASMA,CASMA,-9.47583,-78.30639
020802,ANCASH,CASMA,BUENA VISTA ALTA,-9.4325,-78.20694
020803,ANCASH,CASMA,COMANDANTE NOEL,-9.4625,-78.38472
020804,ANCASH,CASMA,YAUTAN,-9.51139,-77.99639
020901,ANCASH,CORONGO,CORONGO,-8.57083,-77.89889
020902,ANCASH,CORONGO,ACO,-8.52306,-77.87778
020903,ANCASH,CORONGO,BAMBAS,-8.6025,-77.99694
020904,ANCASH,CORONGO,CUSCA,-8.51333,-77.86472
020905,ANCASH,CORONGO,LA PAMPA,-8.66111,-77.90083
020906,ANCASH,CORONGO,YANAC,-8.61861,-77.86472
020907,ANCASH,CORONGO,YUPAN,-8.61444,-77.96861
021001,ANCASH,HUARI,HUARI,-9.34722,-77.17083
021002,ANCASH,HUARI,ANRA,-9.23472,-76.92639
021003,ANCASH,HUARI,CAJAY,-9.32583,-77.1575
021004,ANCASH,HUARI,CHAVIN DE HUANTAR,-9.58861,-77.17833
021005,ANCASH,HUARI,HUACACHI,-9.31556,-76.93861
021006,ANCASH,HUARI,HUACCHIS,-9.20056,-76.78694
021007,ANCASH,HUARI,HUACHIS,-9.41,-77.1
021008,ANCASH,HUARI,HUANTAR,-9.45194,-77.17667
021009,ANCASH,HUARI,MASIN,-9.36583,-77.09639
021010,ANCASH,HUARI,PAUCAS,-9.1525,-76.89944
021011,ANCASH,HUARI,PONTO,-9.32611,-77.00444
021012,ANCASH,HUARI,RAHUAPAMPA,-9.35917,-77.07861
021013,ANCASH,HUARI,RAPAYAN,-9.2025,-76.75944
021014,ANCASH,HUARI,SAN MARCOS,-9.52417,-77.15694
021015,ANCASH,HUARI,SAN PEDRO DE CHANA,-9.40306,-77.01111
021016,ANCASH,HUARI,UCO,-9.18833,-76.92833
021101,ANCASH,HUARMEY,HUARMEY,-10.06889,-78.15167
021102,ANCASH,HUARMEY,COCHAPETI,-9.98722,-77.64611
021103,ANCASH,HUARMEY,CULEBRAS,-9.95028,-78.22222
021104,ANCASH,HUARMEY,HUAYAN,-9.87528,-77.70833
021105,ANCASH,HUARMEY,MALVAS,-9.92972,-77.65778
021201,ANCASH,HUAYLAS,CARAZ,-9.04861,-77.80472
021202,ANCASH,HUAYLAS,HUALLANCA,-8.81889,-77.86306
021203,ANCASH,HUAYLAS,HUATA,-9.01639,-77.86139
021204,ANCASH,HUAYLAS,HUAYLAS,-8.8725,-77.89278
021205,ANCASH,HUAYLAS,MATO,-8.96139,-77.8425
021206,ANCASH,HUAYLAS,PAMPAROMAS,-9.07333,-77.98167
021207,ANCASH,HUAYLAS,PUEBLO LIBRE,-9.11,-77.80194
021208,ANCASH,HUAYLAS,SANTA CRUZ,-8.95194,-77.815
021209,ANCASH,HUAYLAS,SANTO TORIBIO,-8.86444,-77.91472
021210,ANCASH,HUAYLAS,YURACMARCA,-8.7375,-77.90389
021301,ANCASH,MARISCAL LUZURIAGA,PISCOBAMBA,-8.865,-77.35778
021302,ANCASH,MARISCAL LUZURIAGA,CASCA,-8.85556,-77.39861
021303,ANCASH,MARISCAL LUZURIAGA,ELEAZAR GUZMAN BARRON,-8.90222,-77.24389
021304,ANCASH,MARISCAL LUZURIAGA,FIDEL OLIVAS ESCUDERO,-8.80611,-77.27972
021305,ANCASH,MARISCAL LUZURIAGA,LLAMA,-8.915,-77.30139
021306,ANCASH,MARISCAL LUZURIAGA,LLUMPA,-8.96083,-77.3675
021307,ANCASH,MARISCAL LUZURIAGA,LUCMA,-8.91944,-77.41083
021308,ANCASH,MARISCAL LUZURIAGA,MUSGA,-8.90611,-77.33917
021401,ANCASH,OCROS,OCROS,-10.40333,-77.39667
021402,ANCASH,OCROS,ACAS,-10.4575,-77.32778
021403,ANCASH,OCROS,CAJAMARQUILLA,-10.35417,-77.19917
021404,ANCASH,OCROS,CARHUAPAMPA,-10.4975,-77.24278
021405,ANCASH,OCROS,COCHAS,-10.53667,-77.42278
021406,ANCASH,OCROS,CONGAS,-10.3375,-77.44278
021407,ANCASH,OCROS,LLIPA,-10.3925,-77.19083
021408,ANCASH,OCROS,SAN CRISTOBAL DE RAJAN,-10.38694,-77.21944
021409,ANCASH,OCROS,SAN PEDRO,-10.37194,-77.48722
021410,ANCASH,OCROS,SANTIAGO DE CHILCAS,-10.43861,-77.36583
021501,ANCASH,PALLASCA,CABANA,-8.39306,-78.00889
021502,ANCASH,PALLASCA,BOLOGNESI,-8.35056,-78.05056
021503,ANCASH,PALLASCA,CONCHUCOS,-8.26861,-77.85278
021504,ANCASH,PALLASCA,HUACASCHUQUE,-8.30639,-78.00472
021505,ANCASH,PALLASCA,HUANDOVAL,-8.33111,-77.97528
021506,ANCASH,PALLASCA,LACABAMBA,-8.26028,-77.89833
021507,ANCASH,PALLASCA,LLAPO,-8.51444,-78.04222
021508,ANCASH,PALLASCA,PALLASCA,-8.25306,-77.99944
021509,ANCASH,PALLASCA,PAMPAS,-8.19528,-77.89583
021510,ANCASH,PALLASCA,SANTA ROSA,-8.52778,-78.0675
021511,ANCASH,PALLASCA,TAUCA,-8.47028,-78.03778
021601,ANCASH,POMABAMBA,POMABAMBA,-8.82111,-77.46028
021602,ANCASH,POMABAMBA,HUAYLLAN,-8.85806,-77.43556
021603,ANCASH,POMABAMBA,PAROBAMBA,-8.69583,-77.42972
021604,ANCASH,POMABAMBA,QUINUABAMBA,-8.69722,-77.39833
021701,ANCASH,RECUAY,RECUAY,-9.72167,-77.45639
021702,ANCASH,RECUAY,CATAC,-9.80167,-77.43056
021703,ANCASH,RECUAY,COTAPARACO,-9.99333,-77.58806
021704,ANCASH,RECUAY,HUAYLLAPAMPA,-10.05556,-77.53667
021705,ANCASH,RECUAY,LLACLLIN,-10.06917,-77.62167
021706,ANCASH,RECUAY,MARCA,-10.08917,-77.47444
021707,ANCASH,RECUAY,PAMPAS CHICO,-10.11472,-77.39806
021708,ANCASH,RECUAY,PARARIN,-10.05,-77.65444
021709,ANCASH,RECUAY,TAPACOCHA,-10.01028,-77.56917
021710,ANCASH,RECUAY,TICAPAMPA,-9.76056,-77.44278
021801,ANCASH,SANTA,CHIMBOTE,-9.04167,-78.60778
021802,ANCASH,SANTA,CACERES DEL PERU,-9.01306,-78.13806
021803,ANCASH,SANTA,COISHCO,-9.02306,-78.61611
021804,ANCASH,SANTA,MACATE,-8.76028,-78.06139
021805,ANCASH,SANTA,MORO,-9.13889,-78.18333
021806,ANCASH,SANTA,NEPEÑA,-9.17278,-78.36083
021807,ANCASH,SANTA,SAMANCO,-9.26222,-78.49583
021808,ANCASH,SANTA,SANTA,-8.98778,-78.61306
021809,ANCASH,SANTA,NUEVO CHIMBOTE,-9.12861,-78.53083
021901,ANCASH,SIHUAS,SIHUAS,-8.55444,-77.63083
021902,ANCASH,SIHUAS,ACOBAMBA,-8.32611,-77.58194
021903,ANCASH,SIHUAS,ALFONSO UGARTE,-8.45611,-77.42667
021904,ANCASH,SIHUAS,CASHAPAMPA,-8.56111,-77.65306
021905,ANCASH,SIHUAS,CHINGALPO,-8.33861,-77.5975
021906,ANCASH,SIHUAS,HUAYLLABAMBA,-8.53472,-77.56694
021907,ANCASH,SIHUAS,QUICHES,-8.395,-77.49111
021908,ANCASH,SIHUAS,RAGASH,-8.53167,-77.66583
021909,ANCASH,SIHUAS,SAN JUAN,-8.64639,-77.58194
021910,ANCASH,SIHUAS,SICSIBAMBA,-8.62333,-77.53556
022001,ANCASH,YUNGAY,YUNGAY,-9.14,-77.74472
022002,ANCASH,YUNGAY,CASCAPARA,-9.22639,-77.71722
022003,ANCASH,YUNGAY,MANCOS,-9.19,-77.71222
022004,ANCASH,YUNGAY,MATACOTO,-9.17694,-77.74722
022005,ANCASH,YUNGAY,QUILLO,-9.32861,-78.04167
022006,ANCASH,YUNGAY,RANRAHIRCA,-9.17306,-77.7225
022007,ANCASH,YUNGAY,SHUPLUY,-9.21694,-77.69389
022008,ANCASH,YUNGAY,YANAMA,-9.02056,-77.47083
030101,APURIMAC,ABANCAY,ABANCAY,-13.62889,-72.88611
030102,APURIMAC,ABANCAY,CHACOCHE,-13.94111,-72.99111
030103,APURIMAC,ABANCAY,CIRCA,-13.87833,-72.87583
030104,APURIMAC,ABANCAY,CURAHUASI,-13.54139,-72.69611
030105,APURIMAC,ABANCAY,HUANIPACA,-13.49222,-72.93333
030106,APURIMAC,ABANCAY,LAMBRAMA,-13.87083,-72.76972
030107,APURIMAC,ABANCAY,PICHIRHUA,-13.86083,-73.07333
030108,APURIMAC,ABANCAY,SAN PEDRO DE CACHORA,-13.51417,-72.81417
030109,APURIMAC,ABANCAY,TAMBURCO,-13.62222,-72.87333
030201,APURIMAC,ANDAHUAYLAS,ANDAHUAYLAS,-13.65611,-73.38972
030202,APURIMAC,ANDAHUAYLAS,ANDARAPA,-13.52806,-73.36583
030203,APURIMAC,ANDAHUAYLAS,CHIARA,-13.86722,-73.66889
030204,APURIMAC,ANDAHUAYLAS,HUANCARAMA,-13.64472,-73.08556
030205,APURIMAC,ANDAHUAYLAS,HUANCARAY,-13.75722,-73.5275
030206,APURIMAC,ANDAHUAYLAS,HUAYANA,-14.05083,-73.60944
030207,APURIMAC,ANDAHUAYLAS,KISHUARA,-13.69111,-73.11861
030208,APURIMAC,ANDAHUAYLAS,PACOBAMBA,-13.61528,-73.08389
030209,APURIMAC,ANDAHUAYLAS,PACUCHA,-13.60944,-73.34417
030210,APURIMAC,ANDAHUAYLAS,PAMPACHIRI,-14.18694,-73.54472
030211,APURIMAC,ANDAHUAYLAS,POMACOCHA,-14.08389,-73.59083
030212,APURIMAC,ANDAHUAYLAS,SAN ANTONIO DE CACHI,-13.77306,-73.60333
030213,APURIMAC,ANDAHUAYLAS,SAN JERONIMO,-13.65167,-73.36583
030214,APURIMAC,ANDAHUAYLAS,SAN MIGUEL DE CHACCRAMPA,-13.96111,-73.60778
030215,APURIMAC,ANDAHUAYLAS,SANTA MARIA DE CHICMO,-13.6575,-73.49389
030216,APURIMAC,ANDAHUAYLAS,TALAVERA,-13.65417,-73.42889
030217,APURIMAC,ANDAHUAYLAS,TUMAY HUARACA,-14.05278,-73.56583
030218,APURIMAC,ANDAHUAYLAS,TURPO,-13.78556,-73.47417
030219,APURIMAC,ANDAHUAYLAS,KAQUIABAMBA,-13.5325,-73.28833
030220,APURIMAC,ANDAHUAYLAS,JOSE MARIA ARGUEDAS,-13.73417,-73.35056
030301,APURIMAC,ANTABAMBA,ANTABAMBA,-14.36528,-72.87722
030302,APURIMAC,ANTABAMBA,EL ORO,-14.20889,-73.05833
030303,APURIMAC,ANTABAMBA,HUAQUIRCA,-14.33944,-72.895
030304,APURIMAC,ANTABAMBA,JUAN ESPINOZA MEDRANO,-14.42833,-72.915
030305,APURIMAC,ANTABAMBA,OROPESA,-14.26056,-72.56361
030306,APURIMAC,ANTABAMBA,PACHACONAS,-14.22333,-73.01639
030307,APURIMAC,ANTABAMBA,SABAINO,-14.31333,-72.94528
030401,APURIMAC,AYMARAES,CHALHUANCA,-14.29444,-73.24472
030402,APURIMAC,AYMARAES,CAPAYA,-14.11778,-73.32111
030403,APURIMAC,AYMARAES,CARAYBAMBA,-14.37806,-73.16083
030404,APURIMAC,AYMARAES,CHAPIMARCA,-13.975,-73.065
030405,APURIMAC,AYMARAES,COLCABAMBA,-14.00639,-73.25417
030406,APURIMAC,AYMARAES,COTARUSE,-14.41583,-73.205
030407,APURIMAC,AYMARAES,IHUAYLLO,-14.13306,-73.26778
030408,APURIMAC,AYMARAES,JUSTO APU SAHUARAURA,-14.14806,-73.17389
030409,APURIMAC,AYMARAES,LUCRE,-13.94972,-73.22611
030410,APURIMAC,AYMARAES,POCOHUANCA,-14.21833,-73.08694
030411,APURIMAC,AYMARAES,SAN JUAN DE CHACÑA,-13.92417,-73.18222
030412,APURIMAC,AYMARAES,SAÑAYCA,-14.20444,-73.34694
030413,APURIMAC,AYMARAES,SORAYA,-14.16472,-73.315
030414,APURIMAC,AYMARAES,TAPAIRIHUA,-14.14139,-73.14028
030415,APURIMAC,AYMARAES,TINTAY,-13.95944,-73.18528
030416,APURIMAC,AYMARAES,TORAYA,-14.05306,-73.29389
030417,APURIMAC,AYMARAES,YANACA,-14.22528,-73.16
030501,APURIMAC,COTABAMBAS,TAMBOBAMBA,-13.94611,-72.17472
030502,APURIMAC,COTABAMBAS,COTABAMBAS,-13.74556,-72.355
030503,APURIMAC,COTABAMBAS,COYLLURQUI,-13.83694,-72.43222
030504,APURIMAC,COTABAMBAS,HAQUIRA,-14.21417,-72.18889
030505,APURIMAC,COTABAMBAS,MARA,-14.08667,-72.10194
030506,APURIMAC,COTABAMBAS,CHALLHUAHUACHO,-14.11861,-72.24667
030601,APURIMAC,CHINCHEROS,CHINCHEROS,-13.51833,-73.72278
030602,APURIMAC,CHINCHEROS,ANCO_HUALLO,-13.52972,-73.67417
030603,APURIMAC,CHINCHEROS,COCHARCAS,-13.61056,-73.74139
030604,APURIMAC,CHINCHEROS,HUACCANA,-13.38806,-73.68917
030605,APURIMAC,CHINCHEROS,OCOBAMBA,-13.4825,-73.56028
030606,APURIMAC,CHINCHEROS,ONGOY,-13.40278,-73.66833
030607,APURIMAC,CHINCHEROS,URANMARCA,-13.67222,-73.66944
030608,APURIMAC,CHINCHEROS,RANRACANCHA,-13.5325,-73.60556
030609,APURIMAC,CHINCHEROS,ROCCHACC,-13.44056,-73.6
030610,APURIMAC,CHINCHEROS,EL PORVENIR,-13.39667,-73.59333
030611,APURIMAC,CHINCHEROS,LOS CHANKAS,-13.435,-73.82194
030701,APURIMAC,GRAU,CHUQUIBAMBILLA,-14.105,-72.70778
030702,APURIMAC,GRAU,CURPAHUASI,-14.06333,-72.67083
030703,APURIMAC,GRAU,GAMARRA,-13.87167,-72.50833
030704,APURIMAC,GRAU,HUAYLLATI,-13.92806,-72.48444
030705,APURIMAC,GRAU,MAMARA,-14.22861,-72.59083
030706,APURIMAC,GRAU,MICAELA BASTIDAS,-14.11528,-72.61417
030707,APURIMAC,GRAU,PATAYPAMPA,-14.1775,-72.6725
030708,APURIMAC,GRAU,PROGRESO,-14.07222,-72.47667
030709,APURIMAC,GRAU,SAN ANTONIO,-14.16944,-72.62333
030710,APURIMAC,GRAU,SANTA ROSA,-14.13972,-72.65667
030711,APURIMAC,GRAU,TURPAY,-14.22778,-72.6225
030712,APURIMAC,GRAU,VILCABAMBA,-14.07778,-72.62472
030713,APURIMAC,GRAU,VIRUNDO,-14.25028,-72.68111
030714,APURIMAC,GRAU,CURASCO,-14.06194,-72.56778
040101,AREQUIPA,AREQUIPA,AREQUIPA,-16.39333,-71.52889
040102,AREQUIPA,AREQUIPA,ALTO SELVA ALEGRE,-16.38,-71.52111
040103,AREQUIPA,AREQUIPA,CAYMA,-16.3625,-71.54417
040104,AREQUIPA,AREQUIPA,CERRO COLORADO,-16.37639,-71.56083
040105,AREQUIPA,AREQUIPA,CHARACATO,-16.46861,-71.48444
040106,AREQUIPA,AREQUIPA,CHIGUATA,-16.40361,-71.39167
040107,AREQUIPA,AREQUIPA,JACOBO HUNTER,-16.44139,-71.55861
040108,AREQUIPA,AREQUIPA,LA JOYA,-16.42306,-71.81833
040109,AREQUIPA,AREQUIPA,MARIANO MELGAR,-16.40722,-71.50556
040110,AREQUIPA,AREQUIPA,MIRAFLORES,-16.39472,-71.5225
040111,AREQUIPA,AREQUIPA,MOLLEBAYA,-16.48722,-71.46694
040112,AREQUIPA,AREQUIPA,PAUCARPATA,-16.43278,-71.50472
040113,AREQUIPA,AREQUIPA,POCSI,-16.51778,-71.38972
040114,AREQUIPA,AREQUIPA,POLOBAYA,-16.56583,-71.36833
040115,AREQUIPA,AREQUIPA,QUEQUEÑA,-16.55722,-71.45139
040116,AREQUIPA,AREQUIPA,SABANDIA,-16.45694,-71.49472
040117,AREQUIPA,AREQUIPA,SACHACA,-16.42444,-71.56639
040118,AREQUIPA,AREQUIPA,SAN JUAN DE SIGUAS,-16.34611,-72.12833
040119,AREQUIPA,AREQUIPA,SAN JUAN DE TARUCANI,-16.18361,-71.06194
040120,AREQUIPA,AREQUIPA,SANTA ISABEL DE SIGUAS,-16.32083,-72.09889
040121,AREQUIPA,AREQUIPA,SANTA RITA DE SIGUAS,-16.49361,-72.09472
040122,AREQUIPA,AREQUIPA,SOCABAYA,-16.4675,-71.52861
040123,AREQUIPA,AREQUIPA,TIABAYA,-16.44944,-71.59167
040124,AREQUIPA,AREQUIPA,UCHUMAYO,-16.42528,-71.6725
040125,AREQUIPA,AREQUIPA,VITOR,-16.46583,-71.93583
040126,AREQUIPA,AREQUIPA,YANAHUARA,-16.38194,-71.53639
040127,AREQUIPA,AREQUIPA,YARABAMBA,-16.54667,-71.47556
040128,AREQUIPA,AREQUIPA,YURA,-16.24694,-71.70639
040129,AREQUIPA,AREQUIPA,JOSE LUIS BUSTAMANTE Y RIVERO,-16.42667,-71.52389
040201,AREQUIPA,CAMANA,CAMANA,-16.62472,-72.71139
040202,AREQUIPA,CAMANA,JOSE MARIA QUIMPER,-16.60194,-72.72722
040203,AREQUIPA,CAMANA,MARIANO NICOLAS VALCARCEL,-16.03139,-73.17444
040204,AREQUIPA,CAMANA,MARISCAL CACERES,-16.61972,-72.73611
040205,AREQUIPA,CAMANA,NICOLAS DE PIEROLA,-16.57306,-72.71583
040206,AREQUIPA,CAMANA,OCOÑA,-16.43167,-73.105
040207,AREQUIPA,CAMANA,QUILCA,-16.71694,-72.42556
040208,AREQUIPA,CAMANA,SAMUEL PASTOR,-16.61361,-72.69917
040301,AREQUIPA,CARAVELI,CARAVELI,-15.7725,-73.36583
040302,AREQUIPA,CARAVELI,ACARI,-15.43556,-74.61639
040303,AREQUIPA,CARAVELI,ATICO,-16.20833,-73.62361
040304,AREQUIPA,CARAVELI,ATIQUIPA,-15.79611,-74.36361
040305,AREQUIPA,CARAVELI,BELLA UNION,-15.45056,-74.65833
040306,AREQUIPA,CARAVELI,CAHUACHO,-15.50278,-73.47972
040307,AREQUIPA,CARAVELI,CHALA,-15.86556,-74.2475
040308,AREQUIPA,CARAVELI,CHAPARRA,-15.80528,-73.96694
040309,AREQUIPA,CARAVELI,HUANUHUANU,-15.65889,-74.09139
040310,AREQUIPA,CARAVELI,JAQUI,-15.47917,-74.44361
040311,AREQUIPA,CARAVELI,LOMAS,-15.56972,-74.85139
040312,AREQUIPA,CARAVELI,QUICACHA,-15.625,-73.79833
040313,AREQUIPA,CARAVELI,YAUCA,-15.66194,-74.52722
040401,AREQUIPA,CASTILLA,APLAO,-16.07611,-72.49222
040402,AREQUIPA,CASTILLA,ANDAGUA,-15.49889,-72.35611
040403,AREQUIPA,CASTILLA,AYO,-15.68278,-72.27194
040404,AREQUIPA,CASTILLA,CHACHAS,-15.50139,-72.27056
040405,AREQUIPA,CASTILLA,CHILCAYMARCA,-15.28611,-72.37667
040406,AREQUIPA,CASTILLA,CHOCO,-15.57667,-72.12889
040407,AREQUIPA,CASTILLA,HUANCARQUI,-16.09611,-72.47222
040408,AREQUIPA,CASTILLA,MACHAGUAY,-15.65028,-72.50611
040409,AREQUIPA,CASTILLA,ORCOPAMPA,-15.2625,-72.34194
040410,AREQUIPA,CASTILLA,PAMPACOLCA,-15.71333,-72.57389
040411,AREQUIPA,CASTILLA,TIPAN,-15.72306,-72.50194
040412,AREQUIPA,CASTILLA,UÑON,-15.72861,-72.43222
040413,AREQUIPA,CASTILLA,URACA,-16.22389,-72.46972
040414,AREQUIPA,CASTILLA,VIRACO,-15.65833,-72.525
040501,AREQUIPA,CAYLLOMA,CHIVAY,-15.64028,-71.60361
040502,AREQUIPA,CAYLLOMA,ACHOMA,-15.66,-71.70361
040503,AREQUIPA,CAYLLOMA,CABANACONDE,-15.62,-71.98194
040504,AREQUIPA,CAYLLOMA,CALLALLI,-15.50639,-71.44472
040505,AREQUIPA,CAYLLOMA,CAYLLOMA,-15.18889,-71.77333
040506,AREQUIPA,CAYLLOMA,COPORAQUE,-15.62722,-71.64611
040507,AREQUIPA,CAYLLOMA,HUAMBO,-15.72944,-72.10972
040508,AREQUIPA,CAYLLOMA,HUANCA,-16.03361,-71.87806
040509,AREQUIPA,CAYLLOMA,ICHUPAMPA,-15.65,-71.68667
040510,AREQUIPA,CAYLLOMA,LARI,-15.61833,-71.7725
040511,AREQUIPA,CAYLLOMA,LLUTA,-16.01556,-72.01389
040512,AREQUIPA,CAYLLOMA,MACA,-15.64139,-71.76833
040513,AREQUIPA,CAYLLOMA,MADRIGAL,-15.60833,-71.8075
040514,AREQUIPA,CAYLLOMA,SAN ANTONIO DE CHUCA,-15.83889,-71.09056
040515,AREQUIPA,CAYLLOMA,SIBAYO,-15.48611,-71.45694
040516,AREQUIPA,CAYLLOMA,TAPAY,-15.5775,-71.93972
040517,AREQUIPA,CAYLLOMA,TISCO,-15.34694,-71.44639
040518,AREQUIPA,CAYLLOMA,TUTI,-15.53306,-71.55306
040519,AREQUIPA,CAYLLOMA,YANQUE,-15.64833,-71.66083
040520,AREQUIPA,CAYLLOMA,MAJES,-16.35333,-72.24722
040601,AREQUIPA,CONDESUYOS,CHUQUIBAMBA,-15.83944,-72.65167
040602,AREQUIPA,CONDESUYOS,ANDARAY,-15.79722,-72.86083
040603,AREQUIPA,CONDESUYOS,CAYARANI,-14.67194,-72.02194
040604,AREQUIPA,CONDESUYOS,CHICHAS,-15.54778,-72.91861
040605,AREQUIPA,CONDESUYOS,IRAY,-15.85361,-72.63
040606,AREQUIPA,CONDESUYOS,RIO GRANDE,-15.94,-73.13111
040607,AREQUIPA,CONDESUYOS,SALAMANCA,-15.50444,-72.83444
040608,AREQUIPA,CONDESUYOS,YANAQUIHUA,-15.77556,-72.87639
040701,AREQUIPA,ISLAY,MOLLENDO,-17.02917,-72.01639
040702,AREQUIPA,ISLAY,COCACHACRA,-17.09111,-71.77389
040703,AREQUIPA,ISLAY,DEAN VALDIVIA,-17.145,-71.82667
040704,AREQUIPA,ISLAY,ISLAY,-17.00083,-72.0975
040705,AREQUIPA,ISLAY,MEJIA,-17.10111,-71.9075
040706,AREQUIPA,ISLAY,PUNTA DE BOMBON,-17.15611,-71.78472
040801,AREQUIPA,LA UNIÒN,COTAHUASI,-15.21278,-72.88944
040802,AREQUIPA,LA UNIÒN,ALCA,-15.13417,-72.765
040803,AREQUIPA,LA UNIÒN,CHARCANA,-15.24056,-73.07056
040804,AREQUIPA,LA UNIÒN,HUAYNACOTAS,-15.17472,-72.84972
040805,AREQUIPA,LA UNIÒN,PAMPAMARCA,-15.1825,-72.90528
040806,AREQUIPA,LA UNIÒN,PUYCA,-15.05917,-72.69167
040807,AREQUIPA,LA UNIÒN,QUECHUALLA,-15.27389,-73.02222
040808,AREQUIPA,LA UNIÒN,SAYLA,-15.32,-73.22194
040809,AREQUIPA,LA UNIÒN,TAURIA,-15.35417,-73.2325
040810,AREQUIPA,LA UNIÒN,TOMEPAMPA,-15.17306,-72.83028
040811,AREQUIPA,LA UNIÒN,TORO,-15.26444,-72.92833
050101,AYACUCHO,HUAMANGA,AYACUCHO,-13.16028,-74.22528
050102,AYACUCHO,HUAMANGA,ACOCRO,-13.21861,-74.04194
050103,AYACUCHO,HUAMANGA,ACOS VINCHOS,-13.11306,-74.1
050104,AYACUCHO,HUAMANGA,CARMEN ALTO,-13.17944,-74.22056
050105,AYACUCHO,HUAMANGA,CHIARA,-13.27278,-74.20583
050106,AYACUCHO,HUAMANGA,OCROS,-13.39056,-73.91556
050107,AYACUCHO,HUAMANGA,PACAYCASA,-13.0575,-74.21583
050108,AYACUCHO,HUAMANGA,QUINUA,-13.04917,-74.13917
050109,AYACUCHO,HUAMANGA,SAN JOSE DE TICLLAS,-13.13222,-74.33306
050110,AYACUCHO,HUAMANGA,SAN JUAN BAUTISTA,-13.16667,-74.22361
050111,AYACUCHO,HUAMANGA,SANTIAGO DE PISCHA,-13.08556,-74.39333
050112,AYACUCHO,HUAMANGA,SOCOS,-13.215,-74.28944
050113,AYACUCHO,HUAMANGA,TAMBILLO,-13.19472,-74.11056
050114,AYACUCHO,HUAMANGA,VINCHOS,-13.24167,-74.35417
050115,AYACUCHO,HUAMANGA,JESUS NAZARENO,-13.15417,-74.2125
050116,AYACUCHO,HUAMANGA,ANDRES AVELINO CACERES DORREGARAY,-13.16278,-74.21389
050201,AYACUCHO,CANGALLO,CANGALLO,-13.62917,-74.14389
050202,AYACUCHO,CANGALLO,CHUSCHI,-13.585,-74.35167
050203,AYACUCHO,CANGALLO,LOS MOROCHUCOS,-13.5575,-74.195
050204,AYACUCHO,CANGALLO,MARIA PARADO DE BELLIDO,-13.60472,-74.23639
050205,AYACUCHO,CANGALLO,PARAS,-13.5525,-74.62778
050206,AYACUCHO,CANGALLO,TOTOS,-13.5675,-74.52278
050301,AYACUCHO,HUANCA SANCOS,SANCOS,-13.91972,-74.33417
050302,AYACUCHO,HUANCA SANCOS,CARAPO,-13.8375,-74.31556
050303,AYACUCHO,HUANCA SANCOS,SACSAMARCA,-13.94278,-74.31278
050304,AYACUCHO,HUANCA SANCOS,SANTIAGO DE LUCANAMARCA,-13.84389,-74.37222
050401,AYACUCHO,HUANTA,HUANTA,-12.93944,-74.24806
050402,AYACUCHO,HUANTA,AYAHUANCO,-12.59389,-74.33083
050403,AYACUCHO,HUANTA,HUAMANGUILLA,-13.01111,-74.17306
050404,AYACUCHO,HUANTA,IGUAIN,-12.9925,-74.20889
050405,AYACUCHO,HUANTA,LURICOCHA,-12.89972,-74.27361
050406,AYACUCHO,HUANTA,SANTILLANA,-12.76639,-74.25306
050407,AYACUCHO,HUANTA,SIVIA,-12.51194,-73.85889
050408,AYACUCHO,HUANTA,LLOCHEGUA,-12.41,-73.90639
050409,AYACUCHO,HUANTA,CANAYRE,-12.28222,-74.02306
050410,AYACUCHO,HUANTA,UCHURACCAY,-12.76139,-74.14556
050411,AYACUCHO,HUANTA,PUCACOLPA,-12.42056,-74.48917
050412,AYACUCHO,HUANTA,CHACA,-12.78417,-74.20583
050501,AYACUCHO,LA MAR,SAN MIGUEL,-13.01278,-73.98111
050502,AYACUCHO,LA MAR,ANCO,-13.06028,-73.70694
050503,AYACUCHO,LA MAR,AYNA,-12.62417,-73.78944
050504,AYACUCHO,LA MAR,CHILCAS,-13.17111,-73.90639
050505,AYACUCHO,LA MAR,CHUNGUI,-13.22222,-73.62167
050506,AYACUCHO,LA MAR,LUIS CARRANZA,-13.22889,-73.89444
050507,AYACUCHO,LA MAR,SANTA ROSA,-12.68778,-73.73583
050508,AYACUCHO,LA MAR,TAMBO,-12.94806,-74.02083
050509,AYACUCHO,LA MAR,SAMUGARI,-12.76833,-73.65556
050510,AYACUCHO,LA MAR,ANCHIHUAY,-12.86361,-73.5825
050511,AYACUCHO,LA MAR,ORONCCOY,-13.38083,-73.43611
050601,AYACUCHO,LUCANAS,PUQUIO,-14.69417,-74.12444
050602,AYACUCHO,LUCANAS,AUCARA,-14.28111,-73.97528
050603,AYACUCHO,LUCANAS,CABANA,-14.28833,-73.96722
050604,AYACUCHO,LUCANAS,CARMEN SALCEDO,-14.38778,-73.96194
050605,AYACUCHO,LUCANAS,CHAVIÑA,-14.97944,-73.8375
050606,AYACUCHO,LUCANAS,CHIPAO,-14.36583,-73.87611
050607,AYACUCHO,LUCANAS,HUAC-HUAS,-14.13167,-74.94222
050608,AYACUCHO,LUCANAS,LARAMATE,-14.28611,-74.8425
050609,AYACUCHO,LUCANAS,LEONCIO PRADO,-14.72889,-74.67028
050610,AYACUCHO,LUCANAS,LLAUTA,-14.24361,-74.92028
050611,AYACUCHO,LUCANAS,LUCANAS,-14.6225,-74.23306
050612,AYACUCHO,LUCANAS,OCAÑA,-14.39889,-74.82278
050613,AYACUCHO,LUCANAS,OTOCA,-14.49,-74.68667
050614,AYACUCHO,LUCANAS,SAISA,-14.94028,-74.41722
050615,AYACUCHO,LUCANAS,SAN CRISTOBAL,-14.74306,-74.22222
050616,AYACUCHO,LUCANAS,SAN JUAN,-14.65167,-74.19917
050617,AYACUCHO,LUCANAS,SAN PEDRO,-14.76694,-74.09778
050618,AYACUCHO,LUCANAS,SAN PEDRO DE PALCO,-14.41194,-74.65139
050619,AYACUCHO,LUCANAS,SANCOS,-15.06278,-73.95222
050620,AYACUCHO,LUCANAS,SANTA ANA DE HUAYCAHUACHO,-14.22639,-73.95667
050621,AYACUCHO,LUCANAS,SANTA LUCIA,-14.97833,-74.52389
050701,AYACUCHO,PARINACOCHAS,CORACORA,-15.01694,-73.78139
050702,AYACUCHO,PARINACOCHAS,CHUMPI,-15.09444,-73.74806
050703,AYACUCHO,PARINACOCHAS,CORONEL CASTAÑEDA,-14.80722,-73.28222
050704,AYACUCHO,PARINACOCHAS,PACAPAUSA,-14.95028,-73.36778
050705,AYACUCHO,PARINACOCHAS,PULLO,-15.21,-73.82667
050706,AYACUCHO,PARINACOCHAS,PUYUSCA,-15.24694,-73.56944
050707,AYACUCHO,PARINACOCHAS,SAN FRANCISCO DE RAVACAYCO,-14.99694,-73.35111
050708,AYACUCHO,PARINACOCHAS,UPAHUACHO,-14.90722,-73.3975
050801,AYACUCHO,PÀUCAR DEL SARA SARA,PAUSA,-15.27861,-73.34417
050802,AYACUCHO,PÀUCAR DEL SARA SARA,COLTA,-15.16278,-73.29389
050803,AYACUCHO,PÀUCAR DEL SARA SARA,CORCULLA,-15.26278,-73.20028
050804,AYACUCHO,PÀUCAR DEL SARA SARA,LAMPA,-15.185,-73.34917
050805,AYACUCHO,PÀUCAR DEL SARA SARA,MARCABAMBA,-15.14972,-73.34167
050806,AYACUCHO,PÀUCAR DEL SARA SARA,OYOLO,-15.18,-73.18528
050807,AYACUCHO,PÀUCAR DEL SARA SARA,PARARCA,-15.2175,-73.46472
050808,AYACUCHO,PÀUCAR DEL SARA SARA,SAN JAVIER DE ALPABAMBA,-15.05667,-73.32222
050809,AYACUCHO,PÀUCAR DEL SARA SARA,SAN JOSE DE USHUA,-15.225,-73.22667
050810,AYACUCHO,PÀUCAR DEL SARA SARA,SARA SARA,-15.24528,-73.45306
050901,AYACUCHO,SUCRE,QUEROBAMBA,-14.01167,-73.83861
050902,AYACUCHO,SUCRE,BELEN,-13.80889,-73.7575
050903,AYACUCHO,SUCRE,CHALCOS,-13.84806,-73.75417
050904,AYACUCHO,SUCRE,CHILCAYOC,-13.88306,-73.72722
050905,AYACUCHO,SUCRE,HUACAÑA,-14.17222,-73.88639
050906,AYACUCHO,SUCRE,MORCOLLA,-14.10861,-73.87194
050907,AYACUCHO,SUCRE,PAICO,-14.03833,-73.64222
050908,AYACUCHO,SUCRE,SAN PEDRO DE LARCAY,-14.16861,-73.57278
050909,AYACUCHO,SUCRE,SAN SALVADOR DE QUIJE,-13.96833,-73.73472
050910,AYACUCHO,SUCRE,SANTIAGO DE PAUCARAY,-14.04444,-73.6375
050911,AYACUCHO,SUCRE,SORAS,-14.11444,-73.60444
051001,AYACUCHO,VICTOR FAJARDO,HUANCAPI,-13.75222,-74.06667
051002,AYACUCHO,VICTOR FAJARDO,ALCAMENCA,-13.65722,-74.14722
051003,AYACUCHO,VICTOR FAJARDO,APONGO,-14.01333,-73.93222
051004,AYACUCHO,VICTOR FAJARDO,ASQUIPATA,-14.05472,-73.90944
051005,AYACUCHO,VICTOR FAJARDO,CANARIA,-13.92306,-73.90472
051006,AYACUCHO,VICTOR FAJARDO,CAYARA,-13.79528,-73.98861
051007,AYACUCHO,VICTOR FAJARDO,COLCA,-13.7125,-74.03389
051008,AYACUCHO,VICTOR FAJARDO,HUAMANQUIQUIA,-13.72917,-74.27222
051009,AYACUCHO,VICTOR FAJARDO,HUANCARAYLLA,-13.71889,-74.1025
051010,AYACUCHO,VICTOR FAJARDO,HUAYA,-13.85,-73.95083
051011,AYACUCHO,VICTOR FAJARDO,SARHUA,-13.67278,-74.32028
051012,AYACUCHO,VICTOR FAJARDO,VILCANCHOS,-13.61139,-74.5325
051101,AYACUCHO,VILCAS HUAMAN,VILCAS HUAMAN,-13.6525,-73.95389
051102,AYACUCHO,VILCAS HUAMAN,ACCOMARCA,-13.80056,-73.90417
051103,AYACUCHO,VILCAS HUAMAN,CARHUANCA,-13.7425,-73.78722
051104,AYACUCHO,VILCAS HUAMAN,CONCEPCION,-13.5325,-73.87528
051105,AYACUCHO,VILCAS HUAMAN,HUAMBALPA,-13.75028,-73.93167
051106,AYACUCHO,VILCAS HUAMAN,INDEPENDENCIA,-13.85278,-73.87722
051107,AYACUCHO,VILCAS HUAMAN,SAURAMA,-13.69556,-73.75944
051108,AYACUCHO,VILCAS HUAMAN,VISCHONGO,-13.58917,-73.99528
060101,CAJAMARCA,CAJAMARCA,CAJAMARCA,-7.15472,-78.51083
060102,CAJAMARCA,CAJAMARCA,ASUNCION,-7.32472,-78.51861
060103,CAJAMARCA,CAJAMARCA,CHETILLA,-7.14694,-78.67333
060104,CAJAMARCA,CAJAMARCA,COSPAN,-7.42722,-78.54222
060105,CAJAMARCA,CAJAMARCA,ENCAÑADA,-7.08694,-78.34444
060106,CAJAMARCA,CAJAMARCA,JESUS,-7.24861,-78.37917
060107,CAJAMARCA,CAJAMARCA,LLACANORA,-7.19361,-78.42667
060108,CAJAMARCA,CAJAMARCA,LOS BAÑOS DEL INCA,-7.16361,-78.46444
060109,CAJAMARCA,CAJAMARCA,MAGDALENA,-7.25083,-78.65972
060110,CAJAMARCA,CAJAMARCA,MATARA,-7.25472,-78.25972
060111,CAJAMARCA,CAJAMARCA,NAMORA,-7.20278,-78.32472
060112,CAJAMARCA,CAJAMARCA,SAN JUAN,-7.29167,-78.4975
060201,CAJAMARCA,CAJABAMBA,CAJABAMBA,-7.62306,-78.04611
060202,CAJAMARCA,CAJABAMBA,CACHACHI,-7.44889,-78.26889
060203,CAJAMARCA,CAJABAMBA,CONDEBAMBA,-7.57361,-78.06972
060204,CAJAMARCA,CAJABAMBA,SITACOCHA,-7.51944,-77.96944
060301,CAJAMARCA,CELENDIN,CELENDIN,-6.86694,-78.14306
060302,CAJAMARCA,CELENDIN,CHUMUCH,-6.60278,-78.20028
060303,CAJAMARCA,CELENDIN,CORTEGANA,-6.51306,-78.32889
060304,CAJAMARCA,CELENDIN,HUASMIN,-6.8375,-78.24472
060305,CAJAMARCA,CELENDIN,JORGE CHAVEZ,-6.94111,-78.09167
060306,CAJAMARCA,CELENDIN,JOSE GALVEZ,-6.92556,-78.13278
060307,CAJAMARCA,CELENDIN,MIGUEL IGLESIAS,-6.65028,-78.2325
060308,CAJAMARCA,CELENDIN,OXAMARCA,-7.04222,-78.06833
060309,CAJAMARCA,CELENDIN,SOROCHUCO,-6.91194,-78.25528
060310,CAJAMARCA,CELENDIN,SUCRE,-6.94278,-78.13528
060311,CAJAMARCA,CELENDIN,UTCO,-6.89639,-78.06333
060312,CAJAMARCA,CELENDIN,LA LIBERTAD DE PALLAN,-6.72389,-78.2825
060401,CAJAMARCA,CHOTA,CHOTA,-6.55972,-78.64694
060402,CAJAMARCA,CHOTA,ANGUIA,-6.34194,-78.60528
060403,CAJAMARCA,CHOTA,CHADIN,-6.47139,-78.41944
060404,CAJAMARCA,CHOTA,CHIGUIRIP,-6.42833,-78.72139
060405,CAJAMARCA,CHOTA,CHIMBAN,-6.25167,-78.47889
060406,CAJAMARCA,CHOTA,CHOROPAMPA,-6.37111,-78.41194
060407,CAJAMARCA,CHOTA,COCHABAMBA,-6.47389,-78.88583
060408,CAJAMARCA,CHOTA,CONCHAN,-6.44472,-78.65583
060409,CAJAMARCA,CHOTA,HUAMBOS,-6.45278,-78.96111
060410,CAJAMARCA,CHOTA,LAJAS,-6.56056,-78.73472
060411,CAJAMARCA,CHOTA,LLAMA,-6.51444,-79.12028
060412,CAJAMARCA,CHOTA,MIRACOSTA,-6.40444,-79.28361
060413,CAJAMARCA,CHOTA,PACCHA,-6.4975,-78.42361
060414,CAJAMARCA,CHOTA,PION,-6.17778,-78.4825
060415,CAJAMARCA,CHOTA,QUEROCOTO,-6.35972,-79.03444
060416,CAJAMARCA,CHOTA,SAN JUAN DE LICUPIS,-6.42417,-79.24222
060417,CAJAMARCA,CHOTA,TACABAMBA,-6.39278,-78.61139
060418,CAJAMARCA,CHOTA,TOCMOCHE,-6.41278,-79.36083
060419,CAJAMARCA,CHOTA,CHALAMARCA,-6.50306,-78.47972
060501,CAJAMARCA,CONTUMAZA,CONTUMAZA,-7.36667,-78.80528
060502,CAJAMARCA,CONTUMAZA,CHILETE,-7.22139,-78.83972
060503,CAJAMARCA,CONTUMAZA,CUPISNIQUE,-7.34889,-79.02972
060504,CAJAMARCA,CONTUMAZA,GUZMANGO,-7.38389,-78.89611
060505,CAJAMARCA,CONTUMAZA,SAN BENITO,-7.425,-78.9275
060506,CAJAMARCA,CONTUMAZA,SANTA CRUZ DE TOLEDO,-7.34444,-78.83667
060507,CAJAMARCA,CONTUMAZA,TANTARICA,-7.30056,-78.93306
060508,CAJAMARCA,CONTUMAZA,YONAN,-7.25306,-79.13111
060601,CAJAMARCA,CUTERVO,CUTERVO,-6.37722,-78.81806
060602,CAJAMARCA,CUTERVO,CALLAYUC,-6.18111,-78.91056
060603,CAJAMARCA,CUTERVO,CHOROS,-5.9,-78.69389
060604,CAJAMARCA,CUTERVO,CUJILLO,-6.10694,-78.57389
060605,CAJAMARCA,CUTERVO,LA RAMADA,-6.25333,-78.57556
060606,CAJAMARCA,CUTERVO,PIMPINGOS,-6.06194,-78.75861
060607,CAJAMARCA,CUTERVO,QUEROCOTILLO,-6.27361,-79.03778
060608,CAJAMARCA,CUTERVO,SAN ANDRES DE CUTERVO,-6.23889,-78.71278
060609,CAJAMARCA,CUTERVO,SAN JUAN DE CUTERVO,-6.16306,-78.59806
060610,CAJAMARCA,CUTERVO,SAN LUIS DE LUCMA,-6.29389,-78.60361
060611,CAJAMARCA,CUTERVO,SANTA CRUZ,-6.095,-78.85278
060612,CAJAMARCA,CUTERVO,SANTO DOMINGO DE LA CAPILLA,-6.24472,-78.85528
060613,CAJAMARCA,CUTERVO,SANTO TOMAS,-6.15139,-78.68194
060614,CAJAMARCA,CUTERVO,SOCOTA,-6.31528,-78.69944
060615,CAJAMARCA,CUTERVO,TORIBIO CASANOVA,-6.00417,-78.69833
060701,CAJAMARCA,HUALGAYOC,BAMBAMARCA,-6.67972,-78.51889
060702,CAJAMARCA,HUALGAYOC,CHUGUR,-6.67083,-78.73833
060703,CAJAMARCA,HUALGAYOC,HUALGAYOC,-6.76472,-78.60806
060801,CAJAMARCA,JAEN,JAEN,-5.70889,-78.80917
060802,CAJAMARCA,JAEN,BELLAVISTA,-5.66778,-78.67722
060803,CAJAMARCA,JAEN,CHONTALI,-5.64611,-79.08833
060804,CAJAMARCA,JAEN,COLASAY,-5.97861,-79.06861
060805,CAJAMARCA,JAEN,HUABAL,-5.6125,-78.89972
060806,CAJAMARCA,JAEN,LAS PIRIAS,-5.62722,-78.85278
060807,CAJAMARCA,JAEN,POMAHUACA,-5.93139,-79.22944
060808,CAJAMARCA,JAEN,PUCARA,-6.04139,-79.12833
060809,CAJAMARCA,JAEN,SALLIQUE,-5.65806,-79.31528
060810,CAJAMARCA,JAEN,SAN FELIPE,-5.77028,-79.31389
060811,CAJAMARCA,JAEN,SAN JOSE DEL ALTO,-5.465,-79.01778
060812,CAJAMARCA,JAEN,SANTA ROSA,-5.43417,-78.56667
060901,CAJAMARCA,SAN IGNACIO,SAN IGNACIO,-5.14611,-79.00472
060902,CAJAMARCA,SAN IGNACIO,CHIRINOS,-5.30583,-78.89833
060903,CAJAMARCA,SAN IGNACIO,HUARANGO,-5.27222,-78.77583
060904,CAJAMARCA,SAN IGNACIO,LA COIPA,-5.39278,-78.90639
060905,CAJAMARCA,SAN IGNACIO,NAMBALLE,-5.00417,-79.08722
060906,CAJAMARCA,SAN IGNACIO,SAN JOSE DE LOURDES,-5.10306,-78.91417
060907,CAJAMARCA,SAN IGNACIO,TABACONAS,-5.31611,-79.28333
061001,CAJAMARCA,SAN MARCOS,PEDRO GALVEZ,-7.33583,-78.17
061002,CAJAMARCA,SAN MARCOS,CHANCAY,-7.38806,-78.12333
061003,CAJAMARCA,SAN MARCOS,EDUARDO VILLANUEVA,-7.46444,-78.13
061004,CAJAMARCA,SAN MARCOS,GREGORIO PITA,-7.27361,-78.16
061005,CAJAMARCA,SAN MARCOS,ICHOCAN,-7.36889,-78.12972
061006,CAJAMARCA,SAN MARCOS,JOSE MANUEL QUIROZ,-7.34944,-78.04778
061007,CAJAMARCA,SAN MARCOS,JOSE SABOGAL,-7.25111,-78.03667
061101,CAJAMARCA,SAN MIGUEL,SAN MIGUEL,-7.0,-78.85
061102,CAJAMARCA,SAN MIGUEL,BOLIVAR,-6.97694,-79.17806
061103,CAJAMARCA,SAN MIGUEL,CALQUIS,-6.98028,-78.85
061104,CAJAMARCA,SAN MIGUEL,CATILLUC,-6.80167,-78.77917
061105,CAJAMARCA,SAN MIGUEL,EL PRADO,-7.03361,-79.01083
061106,CAJAMARCA,SAN MIGUEL,LA FLORIDA,-6.86861,-79.12583
061107,CAJAMARCA,SAN MIGUEL,LLAPA,-6.98083,-78.8075
061108,CAJAMARCA,SAN MIGUEL,NANCHOC,-6.95944,-79.2425
061109,CAJAMARCA,SAN MIGUEL,NIEPOS,-6.92667,-79.13
061110,CAJAMARCA,SAN MIGUEL,SAN GREGORIO,-7.05694,-79.09528
061111,CAJAMARCA,SAN MIGUEL,SAN SILVESTRE DE COCHAN,-6.9775,-78.77389
061112,CAJAMARCA,SAN MIGUEL,TONGOD,-6.7575,-78.825
061113,CAJAMARCA,SAN MIGUEL,UNION AGUA BLANCA,-7.04667,-79.06056
061201,CAJAMARCA,SAN PABLO,SAN PABLO,-7.11861,-78.82333
061202,CAJAMARCA,SAN PABLO,SAN BERNARDINO,-7.16806,-78.82917
061203,CAJAMARCA,SAN PABLO,SAN LUIS,-7.15694,-78.86806
061204,CAJAMARCA,SAN PABLO,TUMBADEN,-7.02528,-78.73972
061301,CAJAMARCA,SANTA CRUZ,SANTA CRUZ,-6.62583,-78.94417
061302,CAJAMARCA,SANTA CRUZ,ANDABAMBA,-6.66278,-78.81694
061303,CAJAMARCA,SANTA CRUZ,CATACHE,-6.67361,-79.03278
061304,CAJAMARCA,SANTA CRUZ,CHANCAYBAÑOS,-6.57611,-78.8675
061305,CAJAMARCA,SANTA CRUZ,LA ESPERANZA,-6.5925,-78.89583
061306,CAJAMARCA,SANTA CRUZ,NINABAMBA,-6.64972,-78.7875
061307,CAJAMARCA,SANTA CRUZ,PULAN,-6.73889,-78.92028
061308,CAJAMARCA,SANTA CRUZ,SAUCEPAMPA,-6.69139,-78.91611
061309,CAJAMARCA,SANTA CRUZ,SEXI,-6.56417,-79.05139
061310,CAJAMARCA,SANTA CRUZ,UTICYACU,-6.60667,-78.79389
061311,CAJAMARCA,SANTA CRUZ,YAUYUCAN,-6.67722,-78.81861
070101,CALLAO,CALLAO,CALLAO,-12.06306,-77.14694
070102,CALLAO,CALLAO,BELLAVISTA,-12.0625,-77.12917
070103,CALLAO,CALLAO,CARMEN DE LA LEGUA REYNOSO,-12.03944,-77.09028
070104,CALLAO,CALLAO,LA PERLA,-12.06583,-77.10806
070105,CALLAO,CALLAO,LA PUNTA,-12.07278,-77.16333
070106,CALLAO,CALLAO,VENTANILLA,-11.87722,-77.12778
070107,CALLAO,CALLAO,MI PERU,-11.855,-77.125
080101,CUSCO,CUSCO,CUSCO,-13.51917,-71.97667
080102,CUSCO,CUSCO,CCORCA,-13.58472,-72.05917
080103,CUSCO,CUSCO,POROY,-13.49444,-72.04472
080104,CUSCO,CUSCO,SAN JERONIMO,-13.54444,-71.88361
080105,CUSCO,CUSCO,SAN SEBASTIAN,-13.53028,-71.93694
080106,CUSCO,CUSCO,SANTIAGO,-13.52583,-71.98306
080107,CUSCO,CUSCO,SAYLLA,-13.57,-71.82778
080108,CUSCO,CUSCO,WANCHAQ,-13.52139,-71.96667
080201,CUSCO,ACOMAYO,ACOMAYO,-13.91944,-71.68361
080202,CUSCO,ACOMAYO,ACOPIA,-14.0575,-71.49333
080203,CUSCO,ACOMAYO,ACOS,-13.95111,-71.73806
080204,CUSCO,ACOMAYO,MOSOC LLACTA,-14.12028,-71.47306
080205,CUSCO,ACOMAYO,POMACANCHI,-14.03361,-71.57417
080206,CUSCO,ACOMAYO,RONDOCAN,-13.77944,-71.78194
080207,CUSCO,ACOMAYO,SANGARARA,-13.94722,-71.60333
080301,CUSCO,ANTA,ANTA,-13.45778,-72.1475
080302,CUSCO,ANTA,ANCAHUASI,-13.45722,-72.30083
080303,CUSCO,ANTA,CACHIMAYO,-13.47778,-72.06889
080304,CUSCO,ANTA,CHINCHAYPUJIO,-13.62972,-72.23306
080305,CUSCO,ANTA,HUAROCONDO,-13.41583,-72.2075
080306,CUSCO,ANTA,LIMATAMBO,-13.47972,-72.44278
080307,CUSCO,ANTA,MOLLEPATA,-13.50917,-72.52778
080308,CUSCO,ANTA,PUCYURA,-13.47889,-72.11111
080309,CUSCO,ANTA,ZURITE,-13.45583,-72.25583
080401,CUSCO,CALCA,CALCA,-13.32111,-71.95556
080402,CUSCO,CALCA,COYA,-13.38639,-71.89833
080403,CUSCO,CALCA,LAMAY,-13.36444,-71.92083
080404,CUSCO,CALCA,LARES,-13.10417,-72.04472
080405,CUSCO,CALCA,PISAC,-13.42056,-71.85056
080406,CUSCO,CALCA,SAN SALVADOR,-13.49194,-71.77861
080407,CUSCO,CALCA,TARAY,-13.42778,-71.86694
080408,CUSCO,CALCA,YANATILE,-12.68167,-72.27722
080501,CUSCO,CANAS,YANAOCA,-14.21667,-71.43222
080502,CUSCO,CANAS,CHECCA,-14.47333,-71.39472
080503,CUSCO,CANAS,KUNTURKANKI,-14.53472,-71.30694
080504,CUSCO,CANAS,LANGUI,-14.43222,-71.27278
080505,CUSCO,CANAS,LAYO,-14.49417,-71.15556
080506,CUSCO,CANAS,PAMPAMARCA,-14.1475,-71.46028
080507,CUSCO,CANAS,QUEHUE,-14.38028,-71.45556
080508,CUSCO,CANAS,TUPAC AMARU,-14.16389,-71.47611
080601,CUSCO,CANCHIS,SICUANI,-14.23806,-71.23083
080602,CUSCO,CANCHIS,CHECACUPE,-14.02528,-71.45389
080603,CUSCO,CANCHIS,COMBAPATA,-14.10194,-71.43
080604,CUSCO,CANCHIS,MARANGANI,-14.35667,-71.16861
080605,CUSCO,CANCHIS,PITUMARCA,-13.98028,-71.4175
080606,CUSCO,CANCHIS,SAN PABLO,-14.20222,-71.315
080607,CUSCO,CANCHIS,SAN PEDRO,-14.18611,-71.34306
080608,CUSCO,CANCHIS,TINTA,-14.14528,-71.40722
080701,CUSCO,CHUMBIVILCAS,SANTO TOMAS,-14.45333,-72.08222
080702,CUSCO,CHUMBIVILCAS,CAPACMARCA,-14.00722,-72.0025
080703,CUSCO,CHUMBIVILCAS,CHAMACA,-14.3025,-71.85222
080704,CUSCO,CHUMBIVILCAS,COLQUEMARCA,-14.28528,-72.04
080705,CUSCO,CHUMBIVILCAS,LIVITACA,-14.31278,-71.68972
080706,CUSCO,CHUMBIVILCAS,LLUSCO,-14.3375,-72.11361
080707,CUSCO,CHUMBIVILCAS,QUIÑOTA,-14.31111,-72.13861
080708,CUSCO,CHUMBIVILCAS,VELILLE,-14.50861,-71.88111
080801,CUSCO,ESPINAR,ESPINAR,-14.79306,-71.41333
080802,CUSCO,ESPINAR,CONDOROMA,-15.30056,-71.13833
080803,CUSCO,ESPINAR,COPORAQUE,-14.80028,-71.53167
080804,CUSCO,ESPINAR,OCORURO,-15.05194,-71.12917
080805,CUSCO,ESPINAR,PALLPATA,-14.89028,-71.21
080806,CUSCO,ESPINAR,PICHIGUA,-14.67806,-71.40639
080807,CUSCO,ESPINAR,SUYCKUTAMBO,-15.00861,-71.64333
080808,CUSCO,ESPINAR,ALTO PICHIGUA,-14.77694,-71.25083
080901,CUSCO,LA CONVENCION,SANTA ANA,-12.86278,-72.69333
080902,CUSCO,LA CONVENCION,ECHARATE,-12.76806,-72.57611
080903,CUSCO,LA CONVENCION,HUAYOPATA,-13.00472,-72.55444
080904,CUSCO,LA CONVENCION,MARANURA,-12.96278,-72.66472
080905,CUSCO,LA CONVENCION,OCOBAMBA,-12.87167,-72.44722
080906,CUSCO,LA CONVENCION,QUELLOUNO,-12.63667,-72.55722
080907,CUSCO,LA CONVENCION,KIMBIRI,-12.62,-73.78917
080908,CUSCO,LA CONVENCION,SANTA TERESA,-13.13056,-72.59389
080909,CUSCO,LA CONVENCION,VILCABAMBA,-13.06306,-72.93444
080910,CUSCO,LA CONVENCION,PICHARI,-12.51944,-73.82917
080911,CUSCO,LA CONVENCION,INKAWASI,-13.29,-73.26556
080912,CUSCO,LA CONVENCION,VILLA VIRGEN,-13.00278,-73.51278
080913,CUSCO,LA CONVENCION,VILLA KINTIARINA,-12.91889,-73.52833
080914,CUSCO,LA CONVENCION,MEGANTONI,-11.72028,-72.94639
081001,CUSCO,PARURO,PARURO,-13.76167,-71.84778
081002,CUSCO,PARURO,ACCHA,-13.97111,-71.83139
081003,CUSCO,PARURO,CCAPI,-13.85306,-72.0825
081004,CUSCO,PARURO,COLCHA,-13.85194,-71.80333
081005,CUSCO,PARURO,HUANOQUITE,-13.68194,-72.01806
081006,CUSCO,PARURO,OMACHA,-14.06944,-71.73806
081007,CUSCO,PARURO,PACCARITAMBO,-13.75639,-71.95667
081008,CUSCO,PARURO,PILLPINTO,-13.95361,-71.76056
081009,CUSCO,PARURO,YAURISQUE,-13.66528,-71.92056
081101,CUSCO,PAUCARTAMBO,PAUCARTAMBO,-13.31778,-71.59667
081102,CUSCO,PAUCARTAMBO,CAICAY,-13.59722,-71.69667
081103,CUSCO,PAUCARTAMBO,CHALLABAMBA,-13.215,-71.64861
081104,CUSCO,PAUCARTAMBO,COLQUEPATA,-13.36028,-71.67361
081105,CUSCO,PAUCARTAMBO,HUANCARANI,-13.50333,-71.65444
081106,CUSCO,PAUCARTAMBO,KOSÑIPATA,-12.90944,-71.40333
081201,CUSCO,QUISPICANCHI,URCOS,-13.68778,-71.62528
081202,CUSCO,QUISPICANCHI,ANDAHUAYLILLAS,-13.67333,-71.67778
081203,CUSCO,QUISPICANCHI,CAMANTI,-13.23139,-70.75444
081204,CUSCO,QUISPICANCHI,CCARHUAYO,-13.59528,-71.39972
081205,CUSCO,QUISPICANCHI,CCATCA,-13.60528,-71.56361
081206,CUSCO,QUISPICANCHI,CUSIPATA,-13.90694,-71.5025
081207,CUSCO,QUISPICANCHI,HUARO,-13.69028,-71.64028
081208,CUSCO,QUISPICANCHI,LUCRE,-13.63389,-71.73667
081209,CUSCO,QUISPICANCHI,MARCAPATA,-13.59167,-70.975
081210,CUSCO,QUISPICANCHI,OCONGATE,-13.62667,-71.38833
081211,CUSCO,QUISPICANCHI,OROPESA,-13.59444,-71.76306
081212,CUSCO,QUISPICANCHI,QUIQUIJANA,-13.8225,-71.5425
081301,CUSCO,URUBAMBA,URUBAMBA,-13.30556,-72.11611
081302,CUSCO,URUBAMBA,CHINCHERO,-13.39194,-72.04889
081303,CUSCO,URUBAMBA,HUAYLLABAMBA,-13.33806,-72.065
081304,CUSCO,URUBAMBA,MACHUPICCHU,-13.15417,-72.52556
081305,CUSCO,URUBAMBA,MARAS,-13.3325,-72.15639
081306,CUSCO,URUBAMBA,OLLANTAYTAMBO,-13.25889,-72.26333
081307,CUSCO,URUBAMBA,YUCAY,-13.32167,-72.08389
090101,HUANCAVELICA,HUANCAVELICA,HUANCAVELICA,-12.78694,-74.97139
090102,HUANCAVELICA,HUANCAVELICA,ACOBAMBILLA,-12.66444,-75.32417
090103,HUANCAVELICA,HUANCAVELICA,ACORIA,-12.6425,-74.86167
090104,HUANCAVELICA,HUANCAVELICA,CONAYCA,-12.52,-75.00667
090105,HUANCAVELICA,HUANCAVELICA,CUENCA,-12.43306,-75.03889
090106,HUANCAVELICA,HUANCAVELICA,HUACHOCOLPA,-13.03194,-74.94694
090107,HUANCAVELICA,HUANCAVELICA,HUAYLLAHUARA,-12.40917,-75.17833
090108,HUANCAVELICA,HUANCAVELICA,IZCUCHACA,-12.5,-74.99778
090109,HUANCAVELICA,HUANCAVELICA,LARIA,-12.56111,-75.03694
090110,HUANCAVELICA,HUANCAVELICA,MANTA,-12.62056,-75.21111
090111,HUANCAVELICA,HUANCAVELICA,MARISCAL CACERES,-12.53444,-74.9325
090112,HUANCAVELICA,HUANCAVELICA,MOYA,-12.42333,-75.15389
090113,HUANCAVELICA,HUANCAVELICA,NUEVO OCCORO,-12.595,-75.01972
090114,HUANCAVELICA,HUANCAVELICA,PALCA,-12.65694,-74.98028
090115,HUANCAVELICA,HUANCAVELICA,PILCHACA,-12.40139,-75.08389
090116,HUANCAVELICA,HUANCAVELICA,VILCA,-12.47722,-75.18333
090117,HUANCAVELICA,HUANCAVELICA,YAULI,-12.76917,-74.85083
090118,HUANCAVELICA,HUANCAVELICA,ASCENSION,-12.78528,-74.97694
090119,HUANCAVELICA,HUANCAVELICA,HUANDO,-12.56417,-74.94778
090201,HUANCAVELICA,ACOBAMBA,ACOBAMBA,-12.84306,-74.56917
090202,HUANCAVELICA,ACOBAMBA,ANDABAMBA,-12.69361,-74.62333
090203,HUANCAVELICA,ACOBAMBA,ANTA,-12.81222,-74.63833
090204,HUANCAVELICA,ACOBAMBA,CAJA,-12.91722,-74.46583
090205,HUANCAVELICA,ACOBAMBA,MARCAS,-12.89028,-74.39806
090206,HUANCAVELICA,ACOBAMBA,PAUCARA,-12.72972,-74.66639
090207,HUANCAVELICA,ACOBAMBA,POMACOCHA,-12.87389,-74.53167
090208,HUANCAVELICA,ACOBAMBA,ROSARIO,-12.72083,-74.5825
090301,HUANCAVELICA,ANGARAES,LIRCAY,-12.98278,-74.71833
090302,HUANCAVELICA,ANGARAES,ANCHONGA,-12.91306,-74.69139
090303,HUANCAVELICA,ANGARAES,CALLANMARCA,-12.86667,-74.62333
090304,HUANCAVELICA,ANGARAES,CCOCHACCASA,-12.92528,-74.77028
090305,HUANCAVELICA,ANGARAES,CHINCHO,-12.97278,-74.36722
090306,HUANCAVELICA,ANGARAES,CONGALLA,-12.95583,-74.49222
090307,HUANCAVELICA,ANGARAES,HUANCA-HUANCA,-12.91861,-74.61
090308,HUANCAVELICA,ANGARAES,HUAYLLAY GRANDE,-12.94278,-74.70167
090309,HUANCAVELICA,ANGARAES,JULCAMARCA,-13.01472,-74.44444
090310,HUANCAVELICA,ANGARAES,SAN ANTONIO DE ANTAPARCO,-13.07611,-74.41167
090311,HUANCAVELICA,ANGARAES,SANTO TOMAS DE PATA,-13.11306,-74.41889
090312,HUANCAVELICA,ANGARAES,SECCLLA,-13.05111,-74.48361
090401,HUANCAVELICA,CASTROVIRREYNA,CASTROVIRREYNA,-13.28333,-75.31833
090402,HUANCAVELICA,CASTROVIRREYNA,ARMA,-13.12639,-75.54194
090403,HUANCAVELICA,CASTROVIRREYNA,AURAHUA,-13.03472,-75.57028
090404,HUANCAVELICA,CASTROVIRREYNA,CAPILLAS,-13.29306,-75.5425
090405,HUANCAVELICA,CASTROVIRREYNA,CHUPAMARCA,-13.03722,-75.60833
090406,HUANCAVELICA,CASTROVIRREYNA,COCAS,-13.27583,-75.37278
090407,HUANCAVELICA,CASTROVIRREYNA,HUACHOS,-13.21972,-75.53389
090408,HUANCAVELICA,CASTROVIRREYNA,HUAMATAMBO,-13.09444,-75.67722
090409,HUANCAVELICA,CASTROVIRREYNA,MOLLEPAMPA,-13.31139,-75.41
090410,HUANCAVELICA,CASTROVIRREYNA,SAN JUAN,-13.20389,-75.63444
090411,HUANCAVELICA,CASTROVIRREYNA,SANTA ANA,-13.07194,-75.14028
090412,HUANCAVELICA,CASTROVIRREYNA,TANTARA,-13.07417,-75.64472
090413,HUANCAVELICA,CASTROVIRREYNA,TICRAPO,-13.3825,-75.4325
090501,HUANCAVELICA,CHURCAMPA,CHURCAMPA,-12.73917,-74.38722
090502,HUANCAVELICA,CHURCAMPA,ANCO,-12.6825,-74.58722
090503,HUANCAVELICA,CHURCAMPA,CHINCHIHUASI,-12.51694,-74.54583
090504,HUANCAVELICA,CHURCAMPA,EL CARMEN,-12.72694,-74.48083
090505,HUANCAVELICA,CHURCAMPA,LA MERCED,-12.78806,-74.35861
090506,HUANCAVELICA,CHURCAMPA,LOCROJA,-12.74028,-74.44194
090507,HUANCAVELICA,CHURCAMPA,PAUCARBAMBA,-12.55389,-74.53194
090508,HUANCAVELICA,CHURCAMPA,SAN MIGUEL DE MAYOCC,-12.80583,-74.39
090509,HUANCAVELICA,CHURCAMPA,SAN PEDRO DE CORIS,-12.57806,-74.41167
090510,HUANCAVELICA,CHURCAMPA,PACHAMARCA,-12.51556,-74.52667
090511,HUANCAVELICA,CHURCAMPA,COSME,-12.57333,-74.65833
090601,HUANCAVELICA,HUAYTARA,HUAYTARA,-13.60472,-75.35306
090602,HUANCAVELICA,HUAYTARA,AYAVI,-13.70306,-75.35111
090603,HUANCAVELICA,HUAYTARA,CORDOVA,-14.04083,-75.185
090604,HUANCAVELICA,HUAYTARA,HUAYACUNDO ARMA,-13.53417,-75.31444
090605,HUANCAVELICA,HUAYTARA,LARAMARCA,-13.94861,-75.03556
090606,HUANCAVELICA,HUAYTARA,OCOYO,-14.00806,-75.0225
090607,HUANCAVELICA,HUAYTARA,PILPICHACA,-13.33028,-74.97722
090608,HUANCAVELICA,HUAYTARA,QUERCO,-13.97944,-74.97694
090609,HUANCAVELICA,HUAYTARA,QUITO-ARMA,-13.52861,-75.3275
090610,HUANCAVELICA,HUAYTARA,SAN ANTONIO DE CUSICANCHA,-13.5025,-75.29333
090611,HUANCAVELICA,HUAYTARA,SAN FRANCISCO DE SANGAYAICO,-13.79528,-75.24917
090612,HUANCAVELICA,HUAYTARA,SAN ISIDRO,-13.95639,-75.23806
090613,HUANCAVELICA,HUAYTARA,SANTIAGO DE CHOCORVOS,-13.82528,-75.2575
090614,HUANCAVELICA,HUAYTARA,SANTIAGO DE QUIRAHUARA,-14.05611,-74.97639
090615,HUANCAVELICA,HUAYTARA,SANTO DOMINGO DE CAPILLAS,-13.73722,-75.24361
090616,HUANCAVELICA,HUAYTARA,TAMBO,-13.68944,-75.275
090701,HUANCAVELICA,TAYACAJA,PAMPAS,-12.39917,-74.86833
090702,HUANCAVELICA,TAYACAJA,ACOSTAMBO,-12.36556,-75.055
090703,HUANCAVELICA,TAYACAJA,ACRAQUIA,-12.40639,-74.90111
090704,HUANCAVELICA,TAYACAJA,AHUAYCHA,-12.40778,-74.89111
090705,HUANCAVELICA,TAYACAJA,COLCABAMBA,-12.40917,-74.67944
090706,HUANCAVELICA,TAYACAJA,DANIEL HERNANDEZ,-12.38944,-74.85917
090707,HUANCAVELICA,TAYACAJA,HUACHOCOLPA,-12.04833,-74.59472
090708,HUANCAVELICA,TAYACAJA,HUARIBAMBA,,
090709,HUANCAVELICA,TAYACAJA,ÑAHUIMPUQUIO,-12.27972,-74.93833
090710,HUANCAVELICA,TAYACAJA,PAZOS,-12.32917,-75.06944
090711,HUANCAVELICA,TAYACAJA,QUISHUAR,-12.25944,-75.07056
090712,HUANCAVELICA,TAYACAJA,SALCABAMBA,,
090713,HUANCAVELICA,TAYACAJA,SALCAHUASI,-12.24361,-74.77722
090714,HUANCAVELICA,TAYACAJA,SAN MARCOS DE ROCCHAC,-12.20167,-74.78056
090715,HUANCAVELICA,TAYACAJA,SURCUBAMBA,-12.10417,-74.75167
090716,HUANCAVELICA,TAYACAJA,TINTAY PUNCU,-12.09389,-74.86389
090717,HUANCAVELICA,TAYACAJA,QUICHUAS,-12.11639,-74.63056
090718,HUANCAVELICA,TAYACAJA,ANDAYMARCA,-12.15194,-74.54444
090719,HUANCAVELICA,TAYACAJA,ROBLE,-12.4725,-74.7675
090720,HUANCAVELICA,TAYACAJA,PICHOS,-12.31528,-74.63528
090721,HUANCAVELICA,TAYACAJA,SANTIAGO DE TUCUMA,-12.21667,-74.48972
100101,HUANUCO,HUANUCO,HUANUCO,-9.93,-76.23972
100102,HUANUCO,HUANUCO,AMARILIS,-9.94,-76.24056
100103,HUANUCO,HUANUCO,CHINCHAO,-9.80167,-76.07083
100104,HUANUCO,HUANUCO,CHURUBAMBA,-9.82611,-76.13389
100105,HUANUCO,HUANUCO,MARGOS,-10.00528,-76.52333
100106,HUANUCO,HUANUCO,QUISQUI (KICHKI),-9.90472,-76.3925
100107,HUANUCO,HUANUCO,SAN FRANCISCO DE CAYRAN,-9.98083,-76.28417
100108,HUANUCO,HUANUCO,SAN PEDRO DE CHAULAN,-10.05639,-76.48556
100109,HUANUCO,HUANUCO,SANTA MARIA DEL VALLE,-9.8625,-76.17
100110,HUANUCO,HUANUCO,YARUMAYO,-10.00444,-76.46861
100111,HUANUCO,HUANUCO,PILLCO MARCA,-9.96083,-76.24917
100112,HUANUCO,HUANUCO,YACUS,-9.98611,-76.50583
100113,HUANUCO,HUANUCO,SAN PABLO DE PILLAO,-9.78639,-75.99944
100201,HUANUCO,AMBO,AMBO,-10.12917,-76.20444
100202,HUANUCO,AMBO,CAYNA,-10.2725,-76.38833
100203,HUANUCO,AMBO,COLPAS,-10.26833,-76.41528
100204,HUANUCO,AMBO,CONCHAMARCA,-10.03583,-76.21694
100205,HUANUCO,AMBO,HUACAR,-10.15944,-76.23667
100206,HUANUCO,AMBO,SAN FRANCISCO,-10.34278,-76.29194
100207,HUANUCO,AMBO,SAN RAFAEL,-10.33778,-76.18222
100208,HUANUCO,AMBO,TOMAY KICHWA,-10.0775,-76.2125
100301,HUANUCO,DOS DE MAYO,LA UNION,-9.83778,-76.80361
100307,HUANUCO,DOS DE MAYO,CHUQUIS,-9.67639,-76.70528
100311,HUANUCO,DOS DE MAYO,MARIAS,-9.6075,-76.70667
100313,HUANUCO,DOS DE MAYO,PACHAS,-9.70667,-76.77111
100316,HUANUCO,DOS DE MAYO,QUIVILLA,-9.6,-76.72583
100317,HUANUCO,DOS DE MAYO,RIPAN,-9.82861,-76.80306
100321,HUANUCO,DOS DE MAYO,SHUNQUI,-9.73111,-76.78333
100322,HUANUCO,DOS DE MAYO,SILLAPATA,-9.75722,-76.77472
100323,HUANUCO,DOS DE MAYO,YANAS,-9.71444,-76.75028
100401,HUANUCO,HUACAYBAMBA,HUACAYBAMBA,-9.03806,-76.9525
100402,HUANUCO,HUACAYBAMBA,CANCHABAMBA,-8.88472,-77.12306
100403,HUANUCO,HUACAYBAMBA,COCHABAMBA,-9.09528,-76.83639
100404,HUANUCO,HUACAYBAMBA,PINRA,-8.92472,-77.015
100501,HUANUCO,HUAMALIES,LLATA,-9.54972,-76.81861
100502,HUANUCO,HUAMALIES,ARANCAY,-9.17139,-76.75139
100503,HUANUCO,HUAMALIES,CHAVIN DE PARIARCA,-9.42306,-76.77139
100504,HUANUCO,HUAMALIES,JACAS GRANDE,-9.54,-76.73667
100505,HUANUCO,HUAMALIES,JIRCAN,-9.24694,-76.71917
100506,HUANUCO,HUAMALIES,MIRAFLORES,-9.49389,-76.81861
100507,HUANUCO,HUAMALIES,MONZON,-9.28,-76.39667
100508,HUANUCO,HUAMALIES,PUNCHAO,-9.46222,-76.81972
100509,HUANUCO,HUAMALIES,PUÑOS,-9.50056,-76.88389
100510,HUANUCO,HUAMALIES,SINGA,-9.38861,-76.8125
100511,HUANUCO,HUAMALIES,TANTAMAYO,-9.3925,-76.72
100601,HUANUCO,LEONCIO PRADO,RUPA-RUPA,-9.29806,-76.00056
100602,HUANUCO,LEONCIO PRADO,DANIEL ALOMIA ROBLES,-9.18778,-75.95472
100603,HUANUCO,LEONCIO PRADO,HERMILIO VALDIZAN,-9.20556,-75.83583
100604,HUANUCO,LEONCIO PRADO,JOSE CRESPO Y CASTILLO,-8.93222,-76.11611
100605,HUANUCO,LEONCIO PRADO,LUYANDO,-9.24806,-75.99417
100606,HUANUCO,LEONCIO PRADO,MARIANO DAMASO BERAUN,-9.44278,-75.97111
100607,HUANUCO,LEONCIO PRADO,PUCAYACU,-8.74972,-76.12111
100608,HUANUCO,LEONCIO PRADO,CASTILLO GRANDE,-9.27972,-76.00889
100609,HUANUCO,LEONCIO PRADO,PUEBLO NUEVO,-9.07861,-76.06056
100610,HUANUCO,LEONCIO PRADO,SANTO DOMINGO DE ANDA,-9.02361,-76.06667
100701,HUANUCO,MARAÑON,HUACRACHUCO,-8.60472,-77.14917
100702,HUANUCO,MARAÑON,CHOLON,-8.65583,-76.87528
100703,HUANUCO,MARAÑON,SAN BUENAVENTURA,-8.76778,-77.18611
100704,HUANUCO,MARAÑON,LA MORADA,-8.79444,-76.24972
100705,HUANUCO,MARAÑON,SANTA ROSA DE ALTO YANAJANCA,-8.65278,-76.31472
100801,HUANUCO,PACHITEA,PANAO,-9.8975,-75.99417
100802,HUANUCO,PACHITEA,CHAGLLA,-9.84472,-75.90278
100803,HUANUCO,PACHITEA,MOLINO,-9.91083,-76.01667
100804,HUANUCO,PACHITEA,UMARI,-9.86417,-76.04444
100901,HUANUCO,PUERTO INCA,PUERTO INCA,-9.37889,-74.96583
100902,HUANUCO,PUERTO INCA,CODO DEL POZUZO,-9.67,-75.4625
100903,HUANUCO,PUERTO INCA,HONORIA,-8.76944,-74.70917
100904,HUANUCO,PUERTO INCA,TOURNAVISTA,-8.93444,-74.70139
100905,HUANUCO,PUERTO INCA,YUYAPICHIS,-9.62833,-74.97472
101001,HUANUCO,LAURICOCHA,JESUS,-10.07833,-76.63139
101002,HUANUCO,LAURICOCHA,BAÑOS,-10.07639,-76.73556
101003,HUANUCO,LAURICOCHA,JIVIA,-10.02333,-76.68028
101004,HUANUCO,LAURICOCHA,QUEROPALCA,-10.18139,-76.80306
101005,HUANUCO,LAURICOCHA,RONDOS,-9.98444,-76.68833
101006,HUANUCO,LAURICOCHA,SAN FRANCISCO DE ASIS,-9.97639,-76.67694
101007,HUANUCO,LAURICOCHA,SAN MIGUEL DE CAURI,-10.1425,-76.62556
101101,HUANUCO,YAROWILCA,CHAVINILLO,-9.85889,-76.60889
101102,HUANUCO,YAROWILCA,CAHUAC,-9.85278,-76.63056
101103,HUANUCO,YAROWILCA,CHACABAMBA,-9.90028,-76.61111
101104,HUANUCO,YAROWILCA,APARICIO POMARES,-9.74778,-76.64806
101105,HUANUCO,YAROWILCA,JACAS CHICO,-9.88639,-76.50306
101106,HUANUCO,YAROWILCA,OBAS,-9.79528,-76.66583
101107,HUANUCO,YAROWILCA,PAMPAMARCA,-9.70528,-76.7025
101108,HUANUCO,YAROWILCA,CHORAS,-9.91028,-76.60583
110101,ICA,ICA,ICA,-14.06361,-75.72917
110102,ICA,ICA,LA TINGUIÑA,-14.03333,-75.71056
110103,ICA,ICA,LOS AQUIJES,-14.09639,-75.69056
110104,ICA,ICA,OCUCAJE,-14.34667,-75.67222
110105,ICA,ICA,PACHACUTEC,-14.15194,-75.69194
110106,ICA,ICA,PARCONA,-14.05389,-75.68556
110107,ICA,ICA,PUEBLO NUEVO,-14.12722,-75.70583
110108,ICA,ICA,SALAS,-13.98583,-75.77222
110109,ICA,ICA,SAN JOSE DE LOS MOLINOS,-13.93306,-75.67083
110110,ICA,ICA,SAN JUAN BAUTISTA,-14.01139,-75.73528
110111,ICA,ICA,SANTIAGO,-14.18583,-75.71444
110112,ICA,ICA,SUBTANJALLA,-14.01861,-75.75806
110113,ICA,ICA,TATE,-14.15583,-75.70806
110114,ICA,ICA,YAUCA DEL ROSARIO,-14.09889,-75.47694
110201,ICA,CHINCHA,CHINCHA ALTA,-13.41833,-76.1325
110202,ICA,CHINCHA,ALTO LARAN,-13.4425,-76.08333
110203,ICA,CHINCHA,CHAVIN,-13.07639,-75.91306
110204,ICA,CHINCHA,CHINCHA BAJA,-13.45944,-76.16556
110205,ICA,CHINCHA,EL CARMEN,-13.49944,-76.05778
110206,ICA,CHINCHA,GROCIO PRADO,-13.39806,-76.15611
110207,ICA,CHINCHA,PUEBLO NUEVO,-13.40417,-76.1275
110208,ICA,CHINCHA,SAN JUAN DE YANAC,-13.21111,-75.78722
110209,ICA,CHINCHA,SAN PEDRO DE HUACARPANA,-13.04917,-75.64778
110210,ICA,CHINCHA,SUNAMPE,-13.4275,-76.16361
110211,ICA,CHINCHA,TAMBO DE MORA,-13.46056,-76.17667
110301,ICA,NASCA,NASCA,-14.82694,-74.93722
110302,ICA,NASCA,CHANGUILLO,-14.66472,-75.2225
110303,ICA,NASCA,EL INGENIO,-14.64528,-75.05833
110304,ICA,NASCA,MARCONA,-15.36194,-75.16583
110305,ICA,NASCA,VISTA ALEGRE,-14.84583,-74.94389
110401,ICA,PALPA,PALPA,-14.53389,-75.185
110402,ICA,PALPA,LLIPATA,-14.56333,-75.2075
110403,ICA,PALPA,RIO GRANDE,-14.52,-75.20111
110404,ICA,PALPA,SANTA CRUZ,-14.48333,-75.24556
110405,ICA,PALPA,TIBILLO,-14.09389,-75.17167
110501,ICA,PISCO,PISCO,-13.71,-76.20167
110502,ICA,PISCO,HUANCANO,-13.60083,-75.61861
110503,ICA,PISCO,HUMAY,-13.72278,-75.88667
110504,ICA,PISCO,INDEPENDENCIA,-13.69389,-76.02472
110505,ICA,PISCO,PARACAS,-13.83889,-76.25194
110506,ICA,PISCO,SAN ANDRES,-13.73139,-76.22333
110507,ICA,PISCO,SAN CLEMENTE,-13.68028,-76.15694
110508,ICA,PISCO,TUPAC AMARU INCA,-13.71333,-76.14833
120101,JUNIN,HUANCAYO,HUANCAYO,-12.07083,-75.20889
120104,JUNIN,HUANCAYO,CARHUACALLANGA,-12.355,-75.20056
120105,JUNIN,HUANCAYO,CHACAPAMPA,-12.345,-75.2475
120106,JUNIN,HUANCAYO,CHICCHE,-12.29611,-75.29861
120107,JUNIN,HUANCAYO,CHILCA,-12.08667,-75.20833
120108,JUNIN,HUANCAYO,CHONGOS ALTO,-12.31167,-75.28917
120111,JUNIN,HUANCAYO,CHUPURO,-12.15556,-75.24556
120112,JUNIN,HUANCAYO,COLCA,-12.3175,-75.22222
120113,JUNIN,HUANCAYO,CULLHUAS,-12.22056,-75.16694
120114,JUNIN,HUANCAYO,EL TAMBO,-12.05028,-75.22139
120116,JUNIN,HUANCAYO,HUACRAPUQUIO,-12.17111,-75.22083
120117,JUNIN,HUANCAYO,HUALHUAS,-11.97139,-75.25083
120119,JUNIN,HUANCAYO,HUANCAN,-12.10667,-75.21667
120120,JUNIN,HUANCAYO,HUASICANCHA,-12.33222,-75.28194
120121,JUNIN,HUANCAYO,HUAYUCACHI,-12.13861,-75.22361
120122,JUNIN,HUANCAYO,INGENIO,-11.89056,-75.26639
120124,JUNIN,HUANCAYO,PARIAHUANCA,-11.98028,-74.89667
120125,JUNIN,HUANCAYO,PILCOMAYO,-12.04944,-75.25056
120126,JUNIN,HUANCAYO,PUCARA,-12.1725,-75.14556
120127,JUNIN,HUANCAYO,QUICHUAY,-11.88972,-75.28611
120128,JUNIN,HUANCAYO,QUILCAS,-11.93806,-75.25972
120129,JUNIN,HUANCAYO,SAN AGUSTIN,-11.98972,-75.24417
120130,JUNIN,HUANCAYO,SAN JERONIMO DE TUNAN,-11.94917,-75.28222
120132,JUNIN,HUANCAYO,SAÑO,-11.95889,-75.25861
120133,JUNIN,HUANCAYO,SAPALLANGA,-12.14139,-75.15806
120134,JUNIN,HUANCAYO,SICAYA,-12.01472,-75.28
120135,JUNIN,HUANCAYO,SANTO DOMINGO DE ACOBAMBA,-11.76889,-74.79528
120136,JUNIN,HUANCAYO,VIQUES,-12.15972,-75.23194
120201,JUNIN,CONCEPCION,CONCEPCION,-11.91889,-75.3125
120202,JUNIN,CONCEPCION,ACO,-11.95806,-75.36833
120203,JUNIN,CONCEPCION,ANDAMARCA,-11.72833,-74.80167
120204,JUNIN,CONCEPCION,CHAMBARA,-12.02722,-75.37528
120205,JUNIN,CONCEPCION,COCHAS,-11.66,-75.10222
120206,JUNIN,CONCEPCION,COMAS,-11.71778,-75.08167
120207,JUNIN,CONCEPCION,HEROINAS TOLEDO,-11.83556,-75.29083
120208,JUNIN,CONCEPCION,MANZANARES,-12.01611,-75.34583
120209,JUNIN,CONCEPCION,MARISCAL CASTILLA,-11.61917,-75.09
120210,JUNIN,CONCEPCION,MATAHUASI,-11.89389,-75.34417
120211,JUNIN,CONCEPCION,MITO,-11.93722,-75.33917
120212,JUNIN,CONCEPCION,NUEVE DE JULIO,-11.89778,-75.31806
120213,JUNIN,CONCEPCION,ORCOTUNA,-11.96722,-75.3075
120214,JUNIN,CONCEPCION,SAN JOSE DE QUERO,-12.08556,-75.53639
120215,JUNIN,CONCEPCION,SANTA ROSA DE OCOPA,-11.87722,-75.295
120301,JUNIN,CHANCHAMAYO,CHANCHAMAYO,-11.05667,-75.3275
120302,JUNIN,CHANCHAMAYO,PERENE,-10.9475,-75.22472
120303,JUNIN,CHANCHAMAYO,PICHANAQUI,-10.92639,-74.87278
120304,JUNIN,CHANCHAMAYO,SAN LUIS DE SHUARO,-10.88833,-75.28722
120305,JUNIN,CHANCHAMAYO,SAN RAMON,-11.12056,-75.35306
120306,JUNIN,CHANCHAMAYO,VITOC,-11.21028,-75.33472
120401,JUNIN,JAUJA,JAUJA,-11.77556,-75.50056
120402,JUNIN,JAUJA,ACOLLA,-11.73111,-75.54667
120403,JUNIN,JAUJA,APATA,-11.85528,-75.35444
120404,JUNIN,JAUJA,ATAURA,-11.80278,-75.43889
120405,JUNIN,JAUJA,CANCHAYLLO,-11.80222,-75.71806
120406,JUNIN,JAUJA,CURICACA,-11.78528,-75.675
120407,JUNIN,JAUJA,EL MANTARO,-11.82222,-75.39194
120408,JUNIN,JAUJA,HUAMALI,-11.80722,-75.42417
120409,JUNIN,JAUJA,HUARIPAMPA,-11.80778,-75.47111
120410,JUNIN,JAUJA,HUERTAS,-11.76,-75.46972
120411,JUNIN,JAUJA,JANJAILLO,-11.76444,-75.61028
120412,JUNIN,JAUJA,JULCAN,-11.75917,-75.43528
120413,JUNIN,JAUJA,LEONOR ORDOÑEZ,-11.85944,-75.4175
120414,JUNIN,JAUJA,LLOCLLAPAMPA,-11.8175,-75.62389
120415,JUNIN,JAUJA,MARCO,-11.74056,-75.56111
120416,JUNIN,JAUJA,MASMA,-11.78528,-75.42611
120417,JUNIN,JAUJA,MASMA CHICCHE,-11.78611,-75.38167
120418,JUNIN,JAUJA,MOLINOS,-11.73778,-75.44611
120419,JUNIN,JAUJA,MONOBAMBA,-11.36056,-75.32667
120420,JUNIN,JAUJA,MUQUI,-11.83333,-75.435
120421,JUNIN,JAUJA,MUQUIYAUYO,-11.81389,-75.45389
120422,JUNIN,JAUJA,PACA,-11.70917,-75.51833
120423,JUNIN,JAUJA,PACCHA,-11.85361,-75.50639
120424,JUNIN,JAUJA,PANCAN,-11.74889,-75.48611
120425,JUNIN,JAUJA,PARCO,-11.80111,-75.54278
120426,JUNIN,JAUJA,POMACANCHA,-11.73917,-75.62333
120427,JUNIN,JAUJA,RICRAN,-11.53944,-75.52722
120428,JUNIN,JAUJA,SAN LORENZO,-11.84639,-75.38167
120429,JUNIN,JAUJA,SAN PEDRO DE CHUNAN,-11.72556,-75.48639
120430,JUNIN,JAUJA,SAUSA,-11.79361,-75.48472
120431,JUNIN,JAUJA,SINCOS,-11.89139,-75.38694
120432,JUNIN,JAUJA,TUNAN MARCA,-11.72972,-75.57056
120433,JUNIN,JAUJA,YAULI,-11.715,-75.47194
120434,JUNIN,JAUJA,YAUYOS,-11.78083,-75.49972
120501,JUNIN,JUNIN,JUNIN,-11.16139,-75.99833
120502,JUNIN,JUNIN,CARHUAMAYO,-10.92278,-76.05778
120503,JUNIN,JUNIN,ONDORES,-11.08361,-76.14667
120504,JUNIN,JUNIN,ULCUMAYO,-10.9675,-75.87806
120601,JUNIN,SATIPO,SATIPO,-11.25389,-74.63611
120602,JUNIN,SATIPO,COVIRIALI,-11.29139,-74.6275
120603,JUNIN,SATIPO,LLAYLLA,-11.38111,-74.59028
120604,JUNIN,SATIPO,MAZAMARI,-11.325,-74.53028
120605,JUNIN,SATIPO,PAMPA HERMOSA,-11.40417,-74.75167
120606,JUNIN,SATIPO,PANGOA,-11.42833,-74.48889
120607,JUNIN,SATIPO,RIO NEGRO,-11.20889,-74.65944
120608,JUNIN,SATIPO,RIO TAMBO,-11.1475,-74.30639
120609,JUNIN,SATIPO,VIZCATAN DEL ENE,-12.18611,-74.02722
120701,JUNIN,TARMA,TARMA,-11.42,-75.68806
120702,JUNIN,TARMA,ACOBAMBA,-11.35333,-75.65917
120703,JUNIN,TARMA,HUARICOLCA,-11.51194,-75.65278
120704,JUNIN,TARMA,HUASAHUASI,-11.265,-75.65028
120705,JUNIN,TARMA,LA UNION,-11.37722,-75.75194
120706,JUNIN,TARMA,PALCA,-11.34611,-75.56861
120707,JUNIN,TARMA,PALCAMAYO,-11.29583,-75.77278
120708,JUNIN,TARMA,SAN PEDRO DE CAJAS,-11.24917,-75.86278
120709,JUNIN,TARMA,TAPO,-11.39028,-75.56389
120801,JUNIN,YAULI,LA OROYA,-11.52194,-75.90778
120802,JUNIN,YAULI,CHACAPALPA,-11.73278,-75.75556
120803,JUNIN,YAULI,HUAY-HUAY,-11.7225,-75.905
120804,JUNIN,YAULI,MARCAPOMACOCHA,-11.40667,-76.33611
120805,JUNIN,YAULI,MOROCOCHA,-11.58722,-76.06333
120806,JUNIN,YAULI,PACCHA,-11.47306,-75.96056
120807,JUNIN,YAULI,SANTA BARBARA DE CARHUACAYAN,-11.20389,-76.28556
120808,JUNIN,YAULI,SANTA ROSA DE SACCO,-11.54917,-75.94028
120809,JUNIN,YAULI,SUITUCANCHA,-11.7875,-75.93639
120810,JUNIN,YAULI,YAULI,-11.66583,-76.08583
120901,JUNIN,CHUPACA,CHUPACA,-12.05778,-75.28944
120902,JUNIN,CHUPACA,AHUAC,-12.08583,-75.32111
120903,JUNIN,CHUPACA,CHONGOS BAJO,-12.13389,-75.26806
120904,JUNIN,CHUPACA,HUACHAC,-12.02056,-75.34111
120905,JUNIN,CHUPACA,HUAMANCACA CHICO,-12.08083,-75.24222
120906,JUNIN,CHUPACA,SAN JUAN DE ISCOS,-12.09833,-75.29278
120907,JUNIN,CHUPACA,SAN JUAN DE JARPA,-12.12639,-75.43556
120908,JUNIN,CHUPACA,TRES DE DICIEMBRE,-12.10972,-75.24583
120909,JUNIN,CHUPACA,YANACANCHA,-12.20111,-75.38667
130101,LA LIBERTAD,TRUJILLO,TRUJILLO,-8.1,-79.03056
130102,LA LIBERTAD,TRUJILLO,EL PORVENIR,-8.08806,-78.99778
130103,LA LIBERTAD,TRUJILLO,FLORENCIA DE MORA,-8.08278,-79.02333
130104,LA LIBERTAD,TRUJILLO,HUANCHACO,-8.08,-79.12167
130105,LA LIBERTAD,TRUJILLO,LA ESPERANZA,-8.05611,-79.05167
130106,LA LIBERTAD,TRUJILLO,LAREDO,-8.08972,-78.96028
130107,LA LIBERTAD,TRUJILLO,MOCHE,-8.17139,-79.00917
130108,LA LIBERTAD,TRUJILLO,POROTO,-8.01139,-78.76778
130109,LA LIBERTAD,TRUJILLO,SALAVERRY,-8.22444,-78.97611
130110,LA LIBERTAD,TRUJILLO,SIMBAL,-7.97667,-78.81333
130111,LA LIBERTAD,TRUJILLO,VICTOR LARCO HERRERA,-8.13639,-79.04333
130201,LA LIBERTAD,ASCOPE,ASCOPE,-7.71361,-79.10722
130202,LA LIBERTAD,ASCOPE,CHICAMA,-7.8425,-79.14417
130203,LA LIBERTAD,ASCOPE,CHOCOPE,-7.79139,-79.22306
130204,LA LIBERTAD,ASCOPE,MAGDALENA DE CAO,-7.87639,-79.29583
130205,LA LIBERTAD,ASCOPE,PAIJAN,-7.73472,-79.30333
130206,LA LIBERTAD,ASCOPE,RAZURI,-7.70222,-79.43778
130207,LA LIBERTAD,ASCOPE,SANTIAGO DE CAO,-7.95778,-79.24361
130208,LA LIBERTAD,ASCOPE,CASA GRANDE,-7.74528,-79.18806
130301,LA LIBERTAD,BOLIVAR,BOLIVAR,-7.15389,-77.70222
130302,LA LIBERTAD,BOLIVAR,BAMBAMARCA,-7.43972,-77.69306
130303,LA LIBERTAD,BOLIVAR,CONDORMARCA,-7.54667,-77.59972
130304,LA LIBERTAD,BOLIVAR,LONGOTEA,-7.04389,-77.87222
130305,LA LIBERTAD,BOLIVAR,UCHUMARCA,-7.04722,-77.80556
130306,LA LIBERTAD,BOLIVAR,UCUNCHA,-7.16528,-77.85917
130401,LA LIBERTAD,CHEPEN,CHEPEN,-7.2275,-79.42944
130402,LA LIBERTAD,CHEPEN,PACANGA,-7.17139,-79.48556
130403,LA LIBERTAD,CHEPEN,PUEBLO NUEVO,-7.1825,-79.52
130501,LA LIBERTAD,JULCAN,JULCAN,-8.04278,-78.48639
130502,LA LIBERTAD,JULCAN,CALAMARCA,-8.17,-78.41222
130503,LA LIBERTAD,JULCAN,CARABAMBA,-8.1125,-78.6075
130504,LA LIBERTAD,JULCAN,HUASO,-8.22472,-78.41417
130601,LA LIBERTAD,OTUZCO,OTUZCO,-7.90222,-78.56556
130602,LA LIBERTAD,OTUZCO,AGALLPAMPA,-7.98194,-78.54667
130604,LA LIBERTAD,OTUZCO,CHARAT,-7.82389,-78.44806
130605,LA LIBERTAD,OTUZCO,HUARANCHAL,-7.68972,-78.4425
130606,LA LIBERTAD,OTUZCO,LA CUESTA,-7.91889,-78.70472
130608,LA LIBERTAD,OTUZCO,MACHE,-8.02917,-78.535
130610,LA LIBERTAD,OTUZCO,PARANDAY,-7.885,-78.70944
130611,LA LIBERTAD,OTUZCO,SALPO,-8.00306,-78.60417
130613,LA LIBERTAD,OTUZCO,SINSICAP,-7.85167,-78.75417
130614,LA LIBERTAD,OTUZCO,USQUIL,-7.81528,-78.41667
130701,LA LIBERTAD,PACASMAYO,SAN PEDRO DE LLOC,-7.41833,-79.51472
130702,LA LIBERTAD,PACASMAYO,GUADALUPE,-7.24361,-79.47028
130703,LA LIBERTAD,PACASMAYO,JEQUETEPEQUE,-7.3375,-79.56306
130704,LA LIBERTAD,PACASMAYO,PACASMAYO,-7.40111,-79.57222
130705,LA LIBERTAD,PACASMAYO,SAN JOSE,-7.35,-79.45528
130801,LA LIBERTAD,PATAZ,TAYABAMBA,-8.275,-77.29611
130802,LA LIBERTAD,PATAZ,BULDIBUYO,-8.12694,-77.39528
130803,LA LIBERTAD,PATAZ,CHILLIA,-8.12444,-77.515
130804,LA LIBERTAD,PATAZ,HUANCASPATA,-8.4575,-77.29833
130805,LA LIBERTAD,PATAZ,HUAYLILLAS,-8.18722,-77.34389
130806,LA LIBERTAD,PATAZ,HUAYO,-8.00444,-77.59222
130807,LA LIBERTAD,PATAZ,ONGON,-8.20778,-76.98278
130808,LA LIBERTAD,PATAZ,PARCOY,-8.03333,-77.47972
130809,LA LIBERTAD,PATAZ,PATAZ,-7.785,-77.59389
130810,LA LIBERTAD,PATAZ,PIAS,-7.87194,-77.54667
130811,LA LIBERTAD,PATAZ,SANTIAGO DE CHALLAS,-8.43806,-77.32056
130812,LA LIBERTAD,PATAZ,TAURIJA,-8.30778,-77.42361
130813,LA LIBERTAD,PATAZ,URPAY,-8.34778,-77.38944
130901,LA LIBERTAD,SANCHEZ CARRION,HUAMACHUCO,-7.81111,-78.04667
130902,LA LIBERTAD,SANCHEZ CARRION,CHUGAY,-7.78194,-77.86833
130903,LA LIBERTAD,SANCHEZ CARRION,COCHORCO,-7.80639,-77.7175
130904,LA LIBERTAD,SANCHEZ CARRION,CURGOS,-7.86,-77.94389
130905,LA LIBERTAD,SANCHEZ CARRION,MARCABAL,-7.70583,-78.03361
130906,LA LIBERTAD,SANCHEZ CARRION,SANAGORAN,-7.78611,-78.14194
130907,LA LIBERTAD,SANCHEZ CARRION,SARIN,-7.91139,-77.90611
130908,LA LIBERTAD,SANCHEZ CARRION,SARTIMBAMBA,-7.69917,-77.74361
131001,LA LIBERTAD,SANTIAGO DE CHUCO,SANTIAGO DE CHUCO,-8.14528,-78.17361
131002,LA LIBERTAD,SANTIAGO DE CHUCO,ANGASMARCA,-8.13278,-78.05583
131003,LA LIBERTAD,SANTIAGO DE CHUCO,CACHICADAN,-8.09444,-78.14889
131004,LA LIBERTAD,SANTIAGO DE CHUCO,MOLLEBAMBA,-8.17083,-77.97389
131005,LA LIBERTAD,SANTIAGO DE CHUCO,MOLLEPATA,-8.19333,-77.95722
131006,LA LIBERTAD,SANTIAGO DE CHUCO,QUIRUVILCA,-8.00194,-78.31
131007,LA LIBERTAD,SANTIAGO DE CHUCO,SANTA CRUZ DE CHUCA,-8.12028,-78.14222
131008,LA LIBERTAD,SANTIAGO DE CHUCO,SITABAMBA,-8.02222,-77.73
131101,LA LIBERTAD,GRAN CHIMU,CASCAS,-7.47944,-78.81972
131102,LA LIBERTAD,GRAN CHIMU,LUCMA,-7.64056,-78.55222
131103,LA LIBERTAD,GRAN CHIMU,MARMOT,-7.69833,-78.62611
131104,LA LIBERTAD,GRAN CHIMU,SAYAPULLO,-7.59583,-78.465
131201,LA LIBERTAD,VIRU,VIRU,-8.41444,-78.75278
131202,LA LIBERTAD,VIRU,CHAO,-8.54056,-78.67889
131203,LA LIBERTAD,VIRU,GUADALUPITO,-8.95167,-78.62472
140101,LAMBAYEQUE,CHICLAYO,CHICLAYO,-6.76694,-79.85056
140102,LAMBAYEQUE,CHICLAYO,CHONGOYAPE,-6.64306,-79.38528
140103,LAMBAYEQUE,CHICLAYO,ETEN,-6.90694,-79.8625
140104,LAMBAYEQUE,CHICLAYO,ETEN PUERTO,-6.92556,-79.86611
140105,LAMBAYEQUE,CHICLAYO,JOSE LEONARDO ORTIZ,-6.76306,-79.83444
140106,LAMBAYEQUE,CHICLAYO,LA VICTORIA,-6.79444,-79.84444
140107,LAMBAYEQUE,CHICLAYO,LAGUNAS,-6.99111,-79.62278
140108,LAMBAYEQUE,CHICLAYO,MONSEFU,-6.87806,-79.8725
140109,LAMBAYEQUE,CHICLAYO,NUEVA ARICA,-6.87417,-79.34361
140110,LAMBAYEQUE,CHICLAYO,OYOTUN,-6.85444,-79.30639
140111,LAMBAYEQUE,CHICLAYO,PICSI,-6.71833,-79.77056
140112,LAMBAYEQUE,CHICLAYO,PIMENTEL,-6.83528,-79.93583
140113,LAMBAYEQUE,CHICLAYO,REQUE,-6.865,-79.81917
140114,LAMBAYEQUE,CHICLAYO,SANTA ROSA,-6.88167,-79.92083
140115,LAMBAYEQUE,CHICLAYO,SAÑA,-6.91806,-79.58333
140116,LAMBAYEQUE,CHICLAYO,CAYALTI,-6.89167,-79.56222
140117,LAMBAYEQUE,CHICLAYO,PATAPO,-6.73556,-79.63472
140118,LAMBAYEQUE,CHICLAYO,POMALCA,-6.77,-79.77528
140119,LAMBAYEQUE,CHICLAYO,PUCALA,-6.78194,-79.61222
140120,LAMBAYEQUE,CHICLAYO,TUMAN,-6.75111,-79.70111
140201,LAMBAYEQUE,FERREÑAFE,FERREÑAFE,-6.63889,-79.78833
140202,LAMBAYEQUE,FERREÑAFE,CAÑARIS,-6.04611,-79.26528
140203,LAMBAYEQUE,FERREÑAFE,INCAHUASI,-6.23528,-79.31694
140204,LAMBAYEQUE,FERREÑAFE,MANUEL ANTONIO MESONES MURO,-6.645,-79.73889
140205,LAMBAYEQUE,FERREÑAFE,PITIPO,-6.56583,-79.78083
140206,LAMBAYEQUE,FERREÑAFE,PUEBLO NUEVO,-6.64028,-79.79611
140301,LAMBAYEQUE,LAMBAYEQUE,LAMBAYEQUE,-6.70694,-79.89528
140302,LAMBAYEQUE,LAMBAYEQUE,CHOCHOPE,-6.15778,-79.64778
140303,LAMBAYEQUE,LAMBAYEQUE,ILLIMO,-6.47389,-79.85472
140304,LAMBAYEQUE,LAMBAYEQUE,JAYANCA,-6.39278,-79.82278
140305,LAMBAYEQUE,LAMBAYEQUE,MOCHUMI,-6.54778,-79.865
140306,LAMBAYEQUE,LAMBAYEQUE,MORROPE,-6.54028,-80.01556
140307,LAMBAYEQUE,LAMBAYEQUE,MOTUPE,-6.15083,-79.71417
140308,LAMBAYEQUE,LAMBAYEQUE,OLMOS,-5.98778,-79.7475
140309,LAMBAYEQUE,LAMBAYEQUE,PACORA,-6.42861,-79.83889
140310,LAMBAYEQUE,LAMBAYEQUE,SALAS,-6.27472,-79.60722
140311,LAMBAYEQUE,LAMBAYEQUE,SAN JOSE,-6.76944,-79.96806
140312,LAMBAYEQUE,LAMBAYEQUE,TUCUME,-6.51,-79.85917
150101,LIMA,LIMA,LIMA,-12.04528,-77.03083
150102,LIMA,LIMA,ANCON,-11.77389,-77.17639
150103,LIMA,LIMA,ATE,-12.02639,-76.92139
150104,LIMA,LIMA,BARRANCO,-12.14917,-77.02167
150105,LIMA,LIMA,BREÑA,-12.05889,-77.04611
150106,LIMA,LIMA,CARABAYLLO,-11.89028,-77.02694
150107,LIMA,LIMA,CHACLACAYO,-11.97528,-76.76889
150108,LIMA,LIMA,CHORRILLOS,-12.17694,-77.01639
150109,LIMA,LIMA,CIENEGUILLA,-12.12028,-76.81417
150110,LIMA,LIMA,COMAS,-11.95722,-77.04944
150111,LIMA,LIMA,EL AGUSTINO,-12.04833,-77.00056
150112,LIMA,LIMA,INDEPENDENCIA,-11.99722,-77.05472
150113,LIMA,LIMA,JESUS MARIA,-12.07556,-77.04333
150114,LIMA,LIMA,LA MOLINA,-12.07806,-76.91667
150115,LIMA,LIMA,LA VICTORIA,-12.065,-77.03083
150116,LIMA,LIMA,LINCE,-12.08444,-77.03028
150117,LIMA,LIMA,LOS OLIVOS,-11.99139,-77.07083
150118,LIMA,LIMA,LURIGANCHO,-11.93583,-76.69722
150119,LIMA,LIMA,LURIN,-12.27472,-76.87028
150120,LIMA,LIMA,MAGDALENA DEL MAR,-12.09167,-77.06722
150121,LIMA,LIMA,PUEBLO LIBRE,-12.07806,-77.0625
150122,LIMA,LIMA,MIRAFLORES,-12.12167,-77.02917
150123,LIMA,LIMA,PACHACAMAC,-12.18722,-76.86667
150124,LIMA,LIMA,PUCUSANA,-12.48167,-76.7975
150125,LIMA,LIMA,PUENTE PIEDRA,-11.86667,-77.07694
150126,LIMA,LIMA,PUNTA HERMOSA,-12.33361,-76.82417
150127,LIMA,LIMA,PUNTA NEGRA,-12.36528,-76.79556
150128,LIMA,LIMA,RIMAC,-12.04222,-77.02694
150129,LIMA,LIMA,SAN BARTOLO,-12.38917,-76.78083
150130,LIMA,LIMA,SAN BORJA,-12.10722,-76.99889
150131,LIMA,LIMA,SAN ISIDRO,-12.09778,-77.02722
150132,LIMA,LIMA,SAN JUAN DE LURIGANCHO,-12.02972,-77.01
150133,LIMA,LIMA,SAN JUAN DE MIRAFLORES,-12.16361,-76.96361
150134,LIMA,LIMA,SAN LUIS,-12.07556,-76.99361
150135,LIMA,LIMA,SAN MARTIN DE PORRES,-12.03,-77.0575
150136,LIMA,LIMA,SAN MIGUEL,-12.09222,-77.07944
150137,LIMA,LIMA,SANTA ANITA,-12.04389,-76.97139
150138,LIMA,LIMA,SANTA MARIA DEL MAR,-12.40194,-76.77333
150139,LIMA,LIMA,SANTA ROSA,-11.78722,-77.15694
150140,LIMA,LIMA,SANTIAGO DE SURCO,-12.145,-77.005
150141,LIMA,LIMA,SURQUILLO,-12.11861,-77.02167
150142,LIMA,LIMA,VILLA EL SALVADOR,-12.21333,-76.93722
150143,LIMA,LIMA,VILLA MARIA DEL TRIUNFO,-12.1625,-76.94361
150201,LIMA,BARRANCA,BARRANCA,-10.75333,-77.765
150202,LIMA,BARRANCA,PARAMONGA,-10.67472,-77.81806
150203,LIMA,BARRANCA,PATIVILCA,-10.69611,-77.78028
150204,LIMA,BARRANCA,SUPE,-10.79611,-77.71611
150205,LIMA,BARRANCA,SUPE PUERTO,-10.80167,-77.74472
150301,LIMA,CAJATAMBO,CAJATAMBO,-10.47306,-76.99306
150302,LIMA,CAJATAMBO,COPA,-10.38639,-77.07889
150303,LIMA,CAJATAMBO,GORGOR,-10.62111,-77.04139
150304,LIMA,CAJATAMBO,HUANCAPON,-10.54944,-77.1125
150305,LIMA,CAJATAMBO,MANAS,-10.59556,-77.16722
150401,LIMA,CANTA,CANTA,-11.46722,-76.62444
150402,LIMA,CANTA,ARAHUAY,-11.62139,-76.67028
150403,LIMA,CANTA,HUAMANTANGA,-11.49917,-76.74944
150404,LIMA,CANTA,HUAROS,-11.40667,-76.57583
150405,LIMA,CANTA,LACHAQUI,-11.55306,-76.62556
150406,LIMA,CANTA,SAN BUENAVENTURA,-11.48917,-76.66222
150407,LIMA,CANTA,SANTA ROSA DE QUIVES,-11.69528,-76.84611
150501,LIMA,CAÑETE,SAN VICENTE DE CAÑETE,-13.07778,-76.38778
150502,LIMA,CAÑETE,ASIA,-12.77917,-76.55667
150503,LIMA,CAÑETE,CALANGO,-12.52639,-76.54361
150504,LIMA,CAÑETE,CERRO AZUL,-13.025,-76.47889
150505,LIMA,CAÑETE,CHILCA,-12.51806,-76.73806
150506,LIMA,CAÑETE,COAYLLO,-12.72722,-76.46028
150507,LIMA,CAÑETE,IMPERIAL,-13.06056,-76.35278
150508,LIMA,CAÑETE,LUNAHUANA,-12.97056,-76.15111
150509,LIMA,CAÑETE,MALA,-12.6575,-76.6325
150510,LIMA,CAÑETE,NUEVO IMPERIAL,-13.07556,-76.31667
150511,LIMA,CAÑETE,PACARAN,-12.86611,-76.05417
150512,LIMA,CAÑETE,QUILMANA,-12.94944,-76.38278
150513,LIMA,CAÑETE,SAN ANTONIO,-12.64222,-76.64944
150514,LIMA,CAÑETE,SAN LUIS,-13.05111,-76.43111
150515,LIMA,CAÑETE,SANTA CRUZ DE FLORES,-12.61972,-76.63972
150516,LIMA,CAÑETE,ZUÑIGA,-12.86028,-76.0225
150601,LIMA,HUARAL,HUARAL,-11.49528,-77.20694
150602,LIMA,HUARAL,ATAVILLOS ALTO,-11.23417,-76.65583
150603,LIMA,HUARAL,ATAVILLOS BAJO,-11.35194,-76.82556
150604,LIMA,HUARAL,AUCALLAMA,-11.55944,-77.18
150605,LIMA,HUARAL,CHANCAY,-11.56306,-77.27056
150606,LIMA,HUARAL,IHUARI,-11.18861,-76.95194
150607,LIMA,HUARAL,LAMPIAN,-11.23778,-76.83917
150608,LIMA,HUARAL,PACARAOS,-11.18611,-76.64778
150609,LIMA,HUARAL,SAN MIGUEL DE ACOS,-11.27389,-76.82194
150610,LIMA,HUARAL,SANTA CRUZ DE ANDAMARCA,-11.19472,-76.63444
150611,LIMA,HUARAL,SUMBILCA,-11.40667,-76.81972
150612,LIMA,HUARAL,VEINTISIETE DE NOVIEMBRE,-11.19222,-76.77972
150701,LIMA,HUAROCHIRI,MATUCANA,-11.845,-76.38611
150702,LIMA,HUAROCHIRI,ANTIOQUIA,-12.08083,-76.51083
150703,LIMA,HUAROCHIRI,CALLAHUANCA,-11.82639,-76.61889
150704,LIMA,HUAROCHIRI,CARAMPOMA,-11.65639,-76.51639
150705,LIMA,HUAROCHIRI,CHICLA,-11.70639,-76.26806
150706,LIMA,HUAROCHIRI,CUENCA,-12.13222,-76.43528
150707,LIMA,HUAROCHIRI,HUACHUPAMPA,-11.72111,-76.58861
150708,LIMA,HUAROCHIRI,HUANZA,-11.65611,-76.50361
150709,LIMA,HUAROCHIRI,HUAROCHIRI,-12.13611,-76.23194
150710,LIMA,HUAROCHIRI,LAHUAYTAMBO,-12.09639,-76.38889
150711,LIMA,HUAROCHIRI,LANGA,-12.12556,-76.42111
150712,LIMA,HUAROCHIRI,LARAOS,-11.66444,-76.53944
150713,LIMA,HUAROCHIRI,MARIATANA,-12.23722,-76.32611
150714,LIMA,HUAROCHIRI,RICARDO PALMA,-11.92361,-76.665
150715,LIMA,HUAROCHIRI,SAN ANDRES DE TUPICOCHA,-12.00222,-76.47472
150716,LIMA,HUAROCHIRI,SAN ANTONIO,-11.74361,-76.65
150717,LIMA,HUAROCHIRI,SAN BARTOLOME,-11.91194,-76.52917
150718,LIMA,HUAROCHIRI,SAN DAMIAN,-12.01778,-76.39194
150719,LIMA,HUAROCHIRI,SAN JUAN DE IRIS,-11.68306,-76.525
150720,LIMA,HUAROCHIRI,SAN JUAN DE TANTARANCHE,-12.11361,-76.1825
150721,LIMA,HUAROCHIRI,SAN LORENZO DE QUINTI,-12.14528,-76.2125
150722,LIMA,HUAROCHIRI,SAN MATEO,-11.75917,-76.30056
150723,LIMA,HUAROCHIRI,SAN MATEO DE OTAO,-11.87028,-76.54389
150724,LIMA,HUAROCHIRI,SAN PEDRO DE CASTA,-11.75889,-76.59639
150725,LIMA,HUAROCHIRI,SAN PEDRO DE HUANCAYRE,-12.13139,-76.21556
150726,LIMA,HUAROCHIRI,SANGALLAYA,-12.16083,-76.22889
150727,LIMA,HUAROCHIRI,SANTA CRUZ DE COCACHACRA,-11.91167,-76.53944
150728,LIMA,HUAROCHIRI,SANTA EULALIA,-11.90167,-76.66389
150729,LIMA,HUAROCHIRI,SANTIAGO DE ANCHUCAYA,-12.09556,-76.23056
150730,LIMA,HUAROCHIRI,SANTIAGO DE TUNA,-11.98389,-76.52528
150731,LIMA,HUAROCHIRI,SANTO DOMINGO DE LOS OLLEROS,-12.21889,-76.51417
150732,LIMA,HUAROCHIRI,SURCO,-11.8825,-76.43611
150801,LIMA,HUAURA,HUACHO,-11.10806,-77.61028
150802,LIMA,HUAURA,AMBAR,-10.75611,-77.27194
150803,LIMA,HUAURA,CALETA DE CARQUIN,-11.09167,-77.62833
150804,LIMA,HUAURA,CHECRAS,-10.91806,-76.82556
150805,LIMA,HUAURA,HUALMAY,-11.09667,-77.61306
150806,LIMA,HUAURA,HUAURA,-11.06972,-77.59917
150807,LIMA,HUAURA,LEONCIO PRADO,-11.06111,-76.93028
150808,LIMA,HUAURA,PACCHO,-10.9575,-76.93333
150809,LIMA,HUAURA,SANTA LEONOR,-10.94861,-76.745
150810,LIMA,HUAURA,SANTA MARIA,-11.09667,-77.595
150811,LIMA,HUAURA,SAYAN,-11.13528,-77.19361
150812,LIMA,HUAURA,VEGUETA,-11.02333,-77.64389
150901,LIMA,OYON,OYON,-10.66806,-76.77333
150902,LIMA,OYON,ANDAJES,-10.79278,-76.90917
150903,LIMA,OYON,CAUJUL,-10.80583,-76.97917
150904,LIMA,OYON,COCHAMARCA,-10.86333,-77.12889
150905,LIMA,OYON,NAVAN,-10.83778,-77.01444
150906,LIMA,OYON,PACHANGARA,-10.81111,-76.875
151001,LIMA,YAUYOS,YAUYOS,-12.45972,-75.91833
151002,LIMA,YAUYOS,ALIS,-12.28111,-75.78639
151003,LIMA,YAUYOS,ALLAUCA,-12.59111,-76.03694
151004,LIMA,YAUYOS,AYAVIRI,-12.3825,-76.13694
151005,LIMA,YAUYOS,AZANGARO,-13.0,-75.83722
151006,LIMA,YAUYOS,CACRA,-12.8125,-75.78306
151007,LIMA,YAUYOS,CARANIA,-12.34556,-75.86944
151008,LIMA,YAUYOS,CATAHUASI,-12.79944,-75.89139
151009,LIMA,YAUYOS,CHOCOS,-12.91444,-75.86278
151010,LIMA,YAUYOS,COCHAS,-12.29417,-76.1575
151011,LIMA,YAUYOS,COLONIA,-12.63389,-75.89028
151012,LIMA,YAUYOS,HONGOS,-12.81083,-75.76528
151013,LIMA,YAUYOS,HUAMPARA,-12.36028,-76.16722
151014,LIMA,YAUYOS,HUANCAYA,-12.20333,-75.79917
151015,LIMA,YAUYOS,HUANGASCAR,-12.89944,-75.83194
151016,LIMA,YAUYOS,HUANTAN,-12.45639,-75.81167
151017,LIMA,YAUYOS,HUAÑEC,-12.29389,-76.13861
151018,LIMA,YAUYOS,LARAOS,-12.34667,-75.78583
151019,LIMA,YAUYOS,LINCHA,-12.79972,-75.66667
151020,LIMA,YAUYOS,MADEAN,-12.94444,-75.77722
151021,LIMA,YAUYOS,MIRAFLORES,-12.27444,-75.85028
151022,LIMA,YAUYOS,OMAS,-12.51472,-76.28944
151023,LIMA,YAUYOS,PUTINZA,-12.66806,-75.94944
151024,LIMA,YAUYOS,QUINCHES,-12.30778,-76.14333
151025,LIMA,YAUYOS,QUINOCAY,-12.36222,-76.22639
151026,LIMA,YAUYOS,SAN JOAQUIN,-12.28389,-76.14694
151027,LIMA,YAUYOS,SAN PEDRO DE PILAS,-12.45444,-76.22694
151028,LIMA,YAUYOS,TANTA,-12.12222,-76.01333
151029,LIMA,YAUYOS,TAURIPAMPA,-12.61722,-76.16194
151030,LIMA,YAUYOS,TOMAS,-12.23778,-75.745
151031,LIMA,YAUYOS,TUPE,-12.74111,-75.80944
151032,LIMA,YAUYOS,VIÑAC,-12.93111,-75.78
151033,LIMA,YAUYOS,VITIS,-12.22389,-75.80806
160101,LORETO,MAYNAS,IQUITOS,-3.74806,-73.24417
160102,LORETO,MAYNAS,ALTO NANAY,-3.88833,-73.6975
160103,LORETO,MAYNAS,FERNANDO LORES,-4.00167,-73.15694
160104,LORETO,MAYNAS,INDIANA,-3.50028,-73.04111
160105,LORETO,MAYNAS,LAS AMAZONAS,-3.42306,-72.76444
160106,LORETO,MAYNAS,MAZAN,-3.48861,-73.08167
160107,LORETO,MAYNAS,NAPO,-2.48917,-73.67611
160108,LORETO,MAYNAS,PUNCHANA,-3.72861,-73.24194
160110,LORETO,MAYNAS,TORRES CAUSANA,-0.97056,-75.17417
160112,LORETO,MAYNAS,BELEN,-3.76917,-73.26
160113,LORETO,MAYNAS,SAN JUAN BAUTISTA,-3.77028,-73.28028
160201,LORETO,ALTO AMAZONAS,YURIMAGUAS,-5.88417,-76.12806
160202,LORETO,ALTO AMAZONAS,BALSAPUERTO,-5.83333,-76.55972
160205,LORETO,ALTO AMAZONAS,JEBEROS,-5.29083,-76.28333
160206,LORETO,ALTO AMAZONAS,LAGUNAS,-5.22389,-75.675
160210,LORETO,ALTO AMAZONAS,SANTA CRUZ,-5.51333,-75.85889
160211,LORETO,ALTO AMAZONAS,TENIENTE CESAR LOPEZ ROJAS,-6.02556,-75.87417
160301,LORETO,LORETO,NAUTA,-4.50139,-73.56944
160302,LORETO,LORETO,PARINARI,-4.63167,-74.46306
160303,LORETO,LORETO,TIGRE,-3.48972,-74.78167
160304,LORETO,LORETO,TROMPETEROS,-3.805,-75.06056
160305,LORETO,LORETO,URARINAS,-4.5875,-74.76722
160401,LORETO,MARISCAL RAMON CASTILLA,RAMON CASTILLA,-3.90611,-70.51694
160402,LORETO,MARISCAL RAMON CASTILLA,PEBAS,-3.32028,-71.86194
160403,LORETO,MARISCAL RAMON CASTILLA,YAVARI,-4.35361,-70.04167
160404,LORETO,MARISCAL RAMON CASTILLA,SAN PABLO,-4.02028,-71.10306
160501,LORETO,REQUENA,REQUENA,-5.06389,-73.85667
160502,LORETO,REQUENA,ALTO TAPICHE,-6.02556,-74.09417
160503,LORETO,REQUENA,CAPELO,-5.40528,-74.15778
160504,LORETO,REQUENA,EMILIO SAN MARTIN,-5.79361,-74.28389
160505,LORETO,REQUENA,MAQUIA,-5.74972,-74.53778
160506,LORETO,REQUENA,PUINAHUA,-5.25556,-74.34556
160507,LORETO,REQUENA,SAQUENA,-4.725,-73.53306
160508,LORETO,REQUENA,SOPLIN,-6.00778,-73.6925
160509,LORETO,REQUENA,TAPICHE,-5.69361,-74.13778
160510,LORETO,REQUENA,JENARO HERRERA,-4.90361,-73.67056
160511,LORETO,REQUENA,YAQUERANA,-5.14889,-72.87528
160601,LORETO,UCAYALI,CONTAMANA,-7.35056,-75.00972
160602,LORETO,UCAYALI,INAHUAYA,-7.11694,-75.2625
160603,LORETO,UCAYALI,PADRE MARQUEZ,-7.94667,-74.84083
160604,LORETO,UCAYALI,PAMPA HERMOSA,-7.19639,-75.29444
160605,LORETO,UCAYALI,SARAYACU,-6.39306,-75.11694
160606,LORETO,UCAYALI,VARGAS GUERRA,-6.91111,-75.15889
160701,LORETO,DATEM DEL MARAÑON,BARRANCA,-4.83111,-76.555
160702,LORETO,DATEM DEL MARAÑON,CAHUAPANAS,-5.24917,-77.04139
160703,LORETO,DATEM DEL MARAÑON,MANSERICHE,-4.56361,-77.41722
160704,LORETO,DATEM DEL MARAÑON,MORONA,-4.32639,-77.21611
160705,LORETO,DATEM DEL MARAÑON,PASTAZA,-4.65111,-76.5875
160706,LORETO,DATEM DEL MARAÑON,ANDOAS,-3.47556,-76.43361
160801,LORETO,PUTUMAYO,PUTUMAYO,-2.44694,-72.66806
160802,LORETO,PUTUMAYO,ROSA PANDURO,-1.78861,-73.41306
160803,LORETO,PUTUMAYO,TENIENTE MANUEL CLAVERO,-0.37333,-74.67583
160804,LORETO,PUTUMAYO,YAGUAS,-2.40806,-71.17667
170101,MADRE DE DIOS,TAMBOPATA,TAMBOPATA,-12.59361,-69.17667
170102,MADRE DE DIOS,TAMBOPATA,INAMBARI,-13.10139,-70.37167
170103,MADRE DE DIOS,TAMBOPATA,LAS PIEDRAS,-12.27917,-69.15028
170104,MADRE DE DIOS,TAMBOPATA,LABERINTO,-12.71722,-69.58667
170201,MADRE DE DIOS,MANU,MANU,-12.83722,-71.36528
170202,MADRE DE DIOS,MANU,FITZCARRALD,-12.26528,-70.91
170203,MADRE DE DIOS,MANU,MADRE DE DIOS,-12.61861,-70.39417
170204,MADRE DE DIOS,MANU,HUEPETUHE,-12.99361,-70.52722
170301,MADRE DE DIOS,TAHUAMANU,IÑAPARI,-10.945,-69.57667
170302,MADRE DE DIOS,TAHUAMANU,IBERIA,-11.41083,-69.48694
170303,MADRE DE DIOS,TAHUAMANU,TAHUAMANU,-11.45472,-69.32139
180101,MOQUEGUA,MARISCAL NIETO,MOQUEGUA,-17.19417,-70.93333
180102,MOQUEGUA,MARISCAL NIETO,CARUMAS,-16.80917,-70.69472
180103,MOQUEGUA,MARISCAL NIETO,CUCHUMBAYA,-16.75083,-70.68611
180104,MOQUEGUA,MARISCAL NIETO,SAMEGUA,-17.18222,-70.90028
180105,MOQUEGUA,MARISCAL NIETO,SAN CRISTOBAL,-16.73917,-70.68333
180106,MOQUEGUA,MARISCAL NIETO,TORATA,-17.07667,-70.84417
180201,MOQUEGUA,GENERAL SANCHEZ CERRO,OMATE,-16.67361,-70.97056
180202,MOQUEGUA,GENERAL SANCHEZ CERRO,CHOJATA,-16.38833,-70.73028
180203,MOQUEGUA,GENERAL SANCHEZ CERRO,COALAQUE,-16.64889,-71.02167
180204,MOQUEGUA,GENERAL SANCHEZ CERRO,ICHUÑA,-16.14056,-70.53556
180205,MOQUEGUA,GENERAL SANCHEZ CERRO,LA CAPILLA,-16.75667,-71.17917
180206,MOQUEGUA,GENERAL SANCHEZ CERRO,LLOQUE,-16.32389,-70.73861
180207,MOQUEGUA,GENERAL SANCHEZ CERRO,MATALAQUE,-16.48111,-70.82667
180208,MOQUEGUA,GENERAL SANCHEZ CERRO,PUQUINA,-16.62528,-71.18389
180209,MOQUEGUA,GENERAL SANCHEZ CERRO,QUINISTAQUILLAS,-16.74889,-70.88028
180210,MOQUEGUA,GENERAL SANCHEZ CERRO,UBINAS,-16.38667,-70.85556
180211,MOQUEGUA,GENERAL SANCHEZ CERRO,YUNGA,-16.195,-70.67778
180301,MOQUEGUA,ILO,ILO,-17.625,-71.34333
180302,MOQUEGUA,ILO,EL ALGARROBAL,-17.62278,-71.26833
180303,MOQUEGUA,ILO,PACOCHA,-17.61083,-71.34028
190101,PASCO,PASCO,CHAUPIMARCA,-10.6825,-76.25694
190102,PASCO,PASCO,HUACHON,-10.63639,-75.95111
190103,PASCO,PASCO,HUARIACA,-10.43917,-76.19167
190104,PASCO,PASCO,HUAYLLAY,-11.00194,-76.36472
190105,PASCO,PASCO,NINACACA,-10.85556,-76.11306
190106,PASCO,PASCO,PALLANCHACRA,-10.41528,-76.23556
190107,PASCO,PASCO,PAUCARTAMBO,-10.77444,-75.81333
190108,PASCO,PASCO,SAN FRANCISCO DE ASIS DE YARUSYACAN,-10.49,-76.19611
190109,PASCO,PASCO,SIMON BOLIVAR,-10.68917,-76.31639
190110,PASCO,PASCO,TICLACAYAN,-10.535,-76.16417
190111,PASCO,PASCO,TINYAHUARCO,-10.76972,-76.27694
190112,PASCO,PASCO,VICCO,-10.83833,-76.23833
190113,PASCO,PASCO,YANACANCHA,-10.66333,-76.25306
190201,PASCO,DANIEL ALCIDES CARRION,YANAHUANCA,-10.49139,-76.51639
190202,PASCO,DANIEL ALCIDES CARRION,CHACAYAN,-10.43444,-76.43722
190203,PASCO,DANIEL ALCIDES CARRION,GOYLLARISQUIZGA,-10.47306,-76.40833
190204,PASCO,DANIEL ALCIDES CARRION,PAUCAR,-10.37111,-76.44333
190205,PASCO,DANIEL ALCIDES CARRION,SAN PEDRO DE PILLAO,-10.43889,-76.49528
190206,PASCO,DANIEL ALCIDES CARRION,SANTA ANA DE TUSI,-10.4725,-76.35361
190207,PASCO,DANIEL ALCIDES CARRION,TAPUC,-10.45472,-76.4625
190208,PASCO,DANIEL ALCIDES CARRION,VILCABAMBA,-10.47861,-76.44694
190301,PASCO,OXAPAMPA,OXAPAMPA,-10.575,-75.40472
190302,PASCO,OXAPAMPA,CHONTABAMBA,-10.60222,-75.43889
190303,PASCO,OXAPAMPA,HUANCABAMBA,-10.42611,-75.52389
190304,PASCO,OXAPAMPA,PALCAZU,-10.18417,-75.14806
190305,PASCO,OXAPAMPA,POZUZO,-10.07111,-75.55028
190306,PASCO,OXAPAMPA,PUERTO BERMUDEZ,-10.29917,-74.93722
190307,PASCO,OXAPAMPA,VILLA RICA,-10.73917,-75.27583
190308,PASCO,OXAPAMPA,CONSTITUCION,-9.85639,-75.01694
200101,PIURA,PIURA,PIURA,-5.1525,-80.65778
200104,PIURA,PIURA,CASTILLA,-5.20139,-80.62278
200105,PIURA,PIURA,CATACAOS,-5.26722,-80.6725
200107,PIURA,PIURA,CURA MORI,-5.32361,-80.66556
200108,PIURA,PIURA,EL TALLAN,-5.40917,-80.68111
200109,PIURA,PIURA,LA ARENA,-5.34306,-80.70361
200110,PIURA,PIURA,LA UNION,-5.38833,-80.73722
200111,PIURA,PIURA,LAS LOMAS,-4.65,-80.23917
200114,PIURA,PIURA,TAMBO GRANDE,-4.92806,-80.33722
200115,PIURA,PIURA,VEINTISEIS DE OCTUBRE,-5.17917,-80.67806
200201,PIURA,AYABACA,AYABACA,-4.64056,-79.71528
200202,PIURA,AYABACA,FRIAS,-4.93167,-79.9475
200203,PIURA,AYABACA,JILILI,-4.58472,-79.79722
200204,PIURA,AYABACA,LAGUNAS,-4.78917,-79.845
200205,PIURA,AYABACA,MONTERO,-4.63222,-79.82889
200206,PIURA,AYABACA,PACAIPAMPA,-4.99556,-79.66778
200207,PIURA,AYABACA,PAIMAS,-4.6275,-79.94556
200208,PIURA,AYABACA,SAPILLICA,-4.77917,-79.98222
200209,PIURA,AYABACA,SICCHEZ,-4.57,-79.76389
200210,PIURA,AYABACA,SUYO,-4.51278,-80.0025
200301,PIURA,HUANCABAMBA,HUANCABAMBA,-5.23861,-79.45028
200302,PIURA,HUANCABAMBA,CANCHAQUE,-5.37583,-79.60556
200303,PIURA,HUANCABAMBA,EL CARMEN DE LA FRONTERA,-5.14833,-79.42833
200304,PIURA,HUANCABAMBA,HUARMACA,-5.56806,-79.52444
200305,PIURA,HUANCABAMBA,LALAQUIZ,-5.21583,-79.68
200306,PIURA,HUANCABAMBA,SAN MIGUEL DE EL FAIQUE,-5.40194,-79.60611
200307,PIURA,HUANCABAMBA,SONDOR,-5.31556,-79.40972
200308,PIURA,HUANCABAMBA,SONDORILLO,-5.33944,-79.42861
200401,PIURA,MORROPON,CHULUCANAS,-5.09722,-80.16028
200402,PIURA,MORROPON,BUENOS AIRES,-5.26694,-79.96694
200403,PIURA,MORROPON,CHALACO,-5.04111,-79.79556
200404,PIURA,MORROPON,LA MATANZA,-5.21361,-80.09056
200405,PIURA,MORROPON,MORROPON,-5.18611,-79.96917
200406,PIURA,MORROPON,SALITRAL,-5.34194,-79.83361
200407,PIURA,MORROPON,SAN JUAN DE BIGOTE,-5.31944,-79.78611
200408,PIURA,MORROPON,SANTA CATALINA DE MOSSA,-5.10278,-79.885
200409,PIURA,MORROPON,SANTO DOMINGO,-5.02944,-79.87583
200410,PIURA,MORROPON,YAMANGO,-5.18083,-79.75111
200501,PIURA,PAITA,PAITA,-5.09306,-81.09944
200502,PIURA,PAITA,AMOTAPE,-4.88194,-81.01528
200503,PIURA,PAITA,ARENAL,-4.88361,-81.02639
200504,PIURA,PAITA,COLAN,-4.90056,-81.05639
200505,PIURA,PAITA,LA HUACA,-4.91028,-80.96139
200506,PIURA,PAITA,TAMARINDO,-4.87833,-80.97583
200507,PIURA,PAITA,VICHAYAL,-4.86417,-81.07306
200601,PIURA,SULLANA,SULLANA,-4.89056,-80.68778
200602,PIURA,SULLANA,BELLAVISTA,-4.89,-80.68028
200603,PIURA,SULLANA,IGNACIO ESCUDERO,-4.84611,-80.87306
200604,PIURA,SULLANA,LANCONES,-4.63278,-80.54556
200605,PIURA,SULLANA,MARCAVELICA,-4.88167,-80.70361
200606,PIURA,SULLANA,MIGUEL CHECA,-4.90028,-80.81472
200607,PIURA,SULLANA,QUERECOTILLO,-4.83917,-80.64833
200608,PIURA,SULLANA,SALITRAL,-4.85694,-80.68083
200701,PIURA,TALARA,PARIÑAS,-4.57944,-81.26944
200702,PIURA,TALARA,EL ALTO,-4.26861,-81.22139
200703,PIURA,TALARA,LA BREA,-4.65472,-81.30583
200704,PIURA,TALARA,LOBITOS,-4.45694,-81.285
200705,PIURA,TALARA,LOS ORGANOS,-4.17917,-81.12944
200706,PIURA,TALARA,MANCORA,-4.10694,-81.05389
200801,PIURA,SECHURA,SECHURA,-5.55722,-80.82222
200802,PIURA,SECHURA,BELLAVISTA DE LA UNION,-5.44028,-80.755
200803,PIURA,SECHURA,BERNAL,-5.45889,-80.74194
200804,PIURA,SECHURA,CRISTO NOS VALGA,-5.49306,-80.74111
200805,PIURA,SECHURA,VICE,-5.42222,-80.77639
200806,PIURA,SECHURA,RINCONADA LLICUAR,-5.46361,-80.76528
210101,PUNO,PUNO,PUNO,-15.84028,-70.02806
210102,PUNO,PUNO,ACORA,-15.97361,-69.79778
210103,PUNO,PUNO,AMANTANI,-15.65722,-69.71833
210104,PUNO,PUNO,ATUNCOLLA,-15.68833,-70.14389
210105,PUNO,PUNO,CAPACHICA,-15.64167,-69.83083
210106,PUNO,PUNO,CHUCUITO,-15.89472,-69.88944
210107,PUNO,PUNO,COATA,-15.57139,-69.95056
210108,PUNO,PUNO,HUATA,-15.615,-69.97139
210109,PUNO,PUNO,MAÑAZO,-15.80111,-70.34333
210110,PUNO,PUNO,PAUCARCOLLA,-15.74556,-70.05611
210111,PUNO,PUNO,PICHACANI,-16.15,-70.06333
210112,PUNO,PUNO,PLATERIA,-15.94833,-69.83333
210113,PUNO,PUNO,SAN ANTONIO,-16.14056,-70.34389
210114,PUNO,PUNO,TIQUILLACA,-15.79694,-70.18667
210115,PUNO,PUNO,VILQUE,-15.76667,-70.25889
210201,PUNO,AZANGARO,AZANGARO,-14.90806,-70.19556
210202,PUNO,AZANGARO,ACHAYA,-15.28472,-70.16111
210203,PUNO,AZANGARO,ARAPA,-15.13889,-70.11
210204,PUNO,AZANGARO,ASILLO,-14.78639,-70.35361
210205,PUNO,AZANGARO,CAMINACA,-15.32472,-70.07278
210206,PUNO,AZANGARO,CHUPA,-15.10583,-69.98722
210207,PUNO,AZANGARO,JOSE DOMINGO CHOQUEHUANCA,-15.03389,-70.33806
210208,PUNO,AZANGARO,MUÑANI,-14.77083,-69.95556
210209,PUNO,AZANGARO,POTONI,-14.39,-70.105
210210,PUNO,AZANGARO,SAMAN,-15.29194,-70.01722
210211,PUNO,AZANGARO,SAN ANTON,-14.58389,-70.31722
210212,PUNO,AZANGARO,SAN JOSE,-14.68028,-70.16
210213,PUNO,AZANGARO,SAN JUAN DE SALINAS,-14.99139,-70.10611
210214,PUNO,AZANGARO,SANTIAGO DE PUPUJA,-15.05278,-70.27806
210215,PUNO,AZANGARO,TIRAPATA,-14.955,-70.40278
210301,PUNO,CARABAYA,MACUSANI,-14.06861,-70.43111
210302,PUNO,CARABAYA,AJOYANI,-14.22944,-70.22361
210303,PUNO,CARABAYA,AYAPATA,-13.77667,-70.32278
210304,PUNO,CARABAYA,COASA,-13.98917,-70.01583
210305,PUNO,CARABAYA,CORANI,-13.86861,-70.60444
210306,PUNO,CARABAYA,CRUCERO,-14.36167,-70.02361
210307,PUNO,CARABAYA,ITUATA,-13.87639,-70.21389
210308,PUNO,CARABAYA,OLLACHEA,-13.79389,-70.4725
210309,PUNO,CARABAYA,SAN GABAN,-13.43833,-70.40278
210310,PUNO,CARABAYA,USICAYOS,-14.12528,-69.9675
210401,PUNO,CHUCUITO,JULI,-16.21278,-69.45944
210402,PUNO,CHUCUITO,DESAGUADERO,-16.56444,-69.03944
210403,PUNO,CHUCUITO,HUACULLANI,-16.63056,-69.32194
210404,PUNO,CHUCUITO,KELLUYO,-16.72694,-69.25028
210405,PUNO,CHUCUITO,PISACOMA,-16.90861,-69.37139
210406,PUNO,CHUCUITO,POMATA,-16.27361,-69.29278
210407,PUNO,CHUCUITO,ZEPITA,-16.49694,-69.10333
210501,PUNO,EL COLLAO,ILAVE,-16.08694,-69.63806
210502,PUNO,EL COLLAO,CAPAZO,-17.18389,-69.74444
210503,PUNO,EL COLLAO,PILCUYO,-16.11083,-69.55417
210504,PUNO,EL COLLAO,SANTA ROSA,-16.74222,-69.71667
210505,PUNO,EL COLLAO,CONDURIRI,-16.62194,-69.70861
210601,PUNO,HUANCANE,HUANCANE,-15.20083,-69.76778
210602,PUNO,HUANCANE,COJATA,-15.01528,-69.36556
210603,PUNO,HUANCANE,HUATASANI,-15.05944,-69.80194
210604,PUNO,HUANCANE,INCHUPALLA,-15.00972,-69.68278
210605,PUNO,HUANCANE,PUSI,-15.44194,-69.92972
210606,PUNO,HUANCANE,ROSASPATA,-15.23472,-69.5275
210607,PUNO,HUANCANE,TARACO,-15.29722,-69.97833
210608,PUNO,HUANCANE,VILQUE CHICO,-15.21389,-69.68917
210701,PUNO,LAMPA,LAMPA,-15.36472,-70.36778
210702,PUNO,LAMPA,CABANILLA,-15.62028,-70.34556
210703,PUNO,LAMPA,CALAPUJA,-15.31056,-70.22167
210704,PUNO,LAMPA,NICASIO,-15.23556,-70.26111
210705,PUNO,LAMPA,OCUVIRI,-15.11389,-70.90917
210706,PUNO,LAMPA,PALCA,-15.23694,-70.59806
210707,PUNO,LAMPA,PARATIA,-15.45417,-70.59972
210708,PUNO,LAMPA,PUCARA,-15.04167,-70.36778
210709,PUNO,LAMPA,SANTA LUCIA,-15.69944,-70.60639
210710,PUNO,LAMPA,VILAVILA,-15.18833,-70.66
210801,PUNO,MELGAR,AYAVIRI,-14.88167,-70.58944
210802,PUNO,MELGAR,ANTAUTA,-14.29972,-70.29222
210803,PUNO,MELGAR,CUPI,-14.905,-70.86667
210804,PUNO,MELGAR,LLALLI,-14.94806,-70.88056
210805,PUNO,MELGAR,MACARI,-14.77167,-70.90333
210806,PUNO,MELGAR,NUÑOA,-14.47611,-70.63639
210807,PUNO,MELGAR,ORURILLO,-14.72778,-70.51222
210808,PUNO,MELGAR,SANTA ROSA,-14.6075,-70.78778
210809,PUNO,MELGAR,UMACHIRI,-14.85389,-70.75389
210901,PUNO,MOHO,MOHO,-15.36028,-69.49972
210902,PUNO,MOHO,CONIMA,-15.45778,-69.43778
210903,PUNO,MOHO,HUAYRAPATA,-15.32139,-69.34111
210904,PUNO,MOHO,TILALI,-15.515,-69.34806
211001,PUNO,SAN ANTONIO DE PUTINA,PUTINA,-14.91417,-69.86889
211002,PUNO,SAN ANTONIO DE PUTINA,ANANEA,-14.67861,-69.535
211003,PUNO,SAN ANTONIO DE PUTINA,PEDRO VILCA APAZA,-15.06361,-69.88167
211004,PUNO,SAN ANTONIO DE PUTINA,QUILCAPUNCU,-14.89361,-69.73028
211005,PUNO,SAN ANTONIO DE PUTINA,SINA,-14.49667,-69.28028
211101,PUNO,SAN ROMAN,JULIACA,-15.48389,-70.13333
211102,PUNO,SAN ROMAN,CABANA,-15.64917,-70.32194
211103,PUNO,SAN ROMAN,CABANILLAS,-15.64444,-70.35389
211104,PUNO,SAN ROMAN,CARACOTO,-15.5675,-70.1025
211105,PUNO,SAN ROMAN,SAN MIGUEL,-15.46028,-70.12694
211201,PUNO,SANDIA,SANDIA,-14.32222,-69.46639
211202,PUNO,SANDIA,CUYOCUYO,-14.47028,-69.53722
211203,PUNO,SANDIA,LIMBANI,-14.14972,-69.69056
211204,PUNO,SANDIA,PATAMBUCO,-14.36167,-69.61944
211205,PUNO,SANDIA,PHARA,-14.15194,-69.66528
211206,PUNO,SANDIA,QUIACA,-14.42222,-69.345
211207,PUNO,SANDIA,SAN JUAN DEL ORO,-14.22083,-69.15361
211208,PUNO,SANDIA,YANAHUAYA,-14.25861,-69.16944
211209,PUNO,SANDIA,ALTO INAMBARI,-14.09,-69.24333
211210,PUNO,SANDIA,SAN PEDRO DE PUTINA PUNCO,-14.1125,-69.04778
211301,PUNO,YUNGUYO,YUNGUYO,-16.22667,-69.09556
211302,PUNO,YUNGUYO,ANAPIA,-16.31389,-68.85278
211303,PUNO,YUNGUYO,COPANI,-16.4,-69.04028
211304,PUNO,YUNGUYO,CUTURAPI,-16.27056,-69.17694
211305,PUNO,YUNGUYO,OLLARAYA,-16.21972,-68.99111
211306,PUNO,YUNGUYO,TINICACHI,-16.19861,-68.96167
211307,PUNO,YUNGUYO,UNICACHI,-16.22361,-68.98111
220101,SAN MARTIN,MOYOBAMBA,MOYOBAMBA,-6.03472,-76.97417
220102,SAN MARTIN,MOYOBAMBA,CALZADA,-6.03028,-77.06667
220103,SAN MARTIN,MOYOBAMBA,HABANA,-6.07972,-77.09139
220104,SAN MARTIN,MOYOBAMBA,JEPELACIO,-6.10806,-76.91528
220105,SAN MARTIN,MOYOBAMBA,SORITOR,-6.13944,-77.1025
220106,SAN MARTIN,MOYOBAMBA,YANTALO,-5.97444,-77.02083
220201,SAN MARTIN,BELLAVISTA,BELLAVISTA,-7.05222,-76.58972
220202,SAN MARTIN,BELLAVISTA,ALTO BIAVO,-7.25583,-76.47667
220203,SAN MARTIN,BELLAVISTA,BAJO BIAVO,-7.10167,-76.47194
220204,SAN MARTIN,BELLAVISTA,HUALLAGA,-7.13111,-76.64861
220205,SAN MARTIN,BELLAVISTA,SAN PABLO,-6.80972,-76.57472
220206,SAN MARTIN,BELLAVISTA,SAN RAFAEL,-7.02306,-76.46583
220301,SAN MARTIN,EL DORADO,SAN JOSE DE SISA,-6.61389,-76.69528
220302,SAN MARTIN,EL DORADO,AGUA BLANCA,-6.72528,-76.69528
220303,SAN MARTIN,EL DORADO,SAN MARTIN,-6.51444,-76.74056
220304,SAN MARTIN,EL DORADO,SANTA ROSA,-6.74639,-76.62361
220305,SAN MARTIN,EL DORADO,SHATOJA,-6.52833,-76.72
220401,SAN MARTIN,HUALLAGA,SAPOSOA,-6.93667,-76.77222
220402,SAN MARTIN,HUALLAGA,ALTO SAPOSOA,-6.76472,-76.81361
220403,SAN MARTIN,HUALLAGA,EL ESLABON,-7.02167,-76.72333
220404,SAN MARTIN,HUALLAGA,PISCOYACU,-6.98111,-76.76944
220405,SAN MARTIN,HUALLAGA,SACANCHE,-7.07,-76.71361
220406,SAN MARTIN,HUALLAGA,TINGO DE SAPOSOA,-7.09194,-76.64139
220501,SAN MARTIN,LAMAS,LAMAS,-6.42389,-76.52333
220502,SAN MARTIN,LAMAS,ALONSO DE ALVARADO,-6.35583,-76.77528
220503,SAN MARTIN,LAMAS,BARRANQUITA,-6.25222,-76.03333
220504,SAN MARTIN,LAMAS,CAYNARACHI,-6.33083,-76.28417
220505,SAN MARTIN,LAMAS,CUÑUMBUQUI,-6.51056,-76.48167
220506,SAN MARTIN,LAMAS,PINTO RECODO,-6.37917,-76.60444
220507,SAN MARTIN,LAMAS,RUMISAPA,-6.44889,-76.47167
220508,SAN MARTIN,LAMAS,SAN ROQUE DE CUMBAZA,-6.38556,-76.43861
220509,SAN MARTIN,LAMAS,SHANAO,-6.41167,-76.59417
220510,SAN MARTIN,LAMAS,TABALOSOS,-6.38944,-76.63417
220511,SAN MARTIN,LAMAS,ZAPATERO,-6.52972,-76.49417
220601,SAN MARTIN,MARISCAL CACERES,JUANJUI,-7.17667,-76.72389
220602,SAN MARTIN,MARISCAL CACERES,CAMPANILLA,-7.48306,-76.64972
220603,SAN MARTIN,MARISCAL CACERES,HUICUNGO,-7.31694,-76.77722
220604,SAN MARTIN,MARISCAL CACERES,PACHIZA,-7.29806,-76.77333
220605,SAN MARTIN,MARISCAL CACERES,PAJARILLO,-7.17667,-76.68861
220701,SAN MARTIN,PICOTA,PICOTA,-6.92,-76.33028
220702,SAN MARTIN,PICOTA,BUENOS AIRES,-6.79167,-76.32778
220703,SAN MARTIN,PICOTA,CASPISAPA,-6.95639,-76.41861
220704,SAN MARTIN,PICOTA,PILLUANA,-6.77667,-76.29167
220705,SAN MARTIN,PICOTA,PUCACACA,-6.84889,-76.34111
220706,SAN MARTIN,PICOTA,SAN CRISTOBAL,-6.99194,-76.41778
220707,SAN MARTIN,PICOTA,SAN HILARION,-7.00389,-76.43944
220708,SAN MARTIN,PICOTA,SHAMBOYACU,-7.02417,-76.13278
220709,SAN MARTIN,PICOTA,TINGO DE PONASA,-6.93611,-76.25389
220710,SAN MARTIN,PICOTA,TRES UNIDOS,-6.80583,-76.23222
220801,SAN MARTIN,RIOJA,RIOJA,-6.0625,-77.16833
220802,SAN MARTIN,RIOJA,AWAJUN,-5.81611,-77.38278
220803,SAN MARTIN,RIOJA,ELIAS SOPLIN VARGAS,-5.98722,-77.27806
220804,SAN MARTIN,RIOJA,NUEVA CAJAMARCA,-5.93611,-77.30694
220805,SAN MARTIN,RIOJA,PARDO MIGUEL,-5.73944,-77.50444
220806,SAN MARTIN,RIOJA,POSIC,-6.01333,-77.16194
220807,SAN MARTIN,RIOJA,SAN FERNANDO,-5.90194,-77.26944
220808,SAN MARTIN,RIOJA,YORONGOS,-6.13861,-77.14417
220809,SAN MARTIN,RIOJA,YURACYACU,-5.93111,-77.22639
220901,SAN MARTIN,SAN MARTIN,TARAPOTO,-6.48944,-76.36028
220902,SAN MARTIN,SAN MARTIN,ALBERTO LEVEAU,-6.66306,-76.28667
220903,SAN MARTIN,SAN MARTIN,CACATACHI,-6.46194,-76.45139
220904,SAN MARTIN,SAN MARTIN,CHAZUTA,-6.57361,-76.13778
220905,SAN MARTIN,SAN MARTIN,CHIPURANA,-6.35417,-75.74139
220906,SAN MARTIN,SAN MARTIN,EL PORVENIR,-6.21167,-75.80083
220907,SAN MARTIN,SAN MARTIN,HUIMBAYOC,-6.41778,-75.76806
220908,SAN MARTIN,SAN MARTIN,JUAN GUERRA,-6.58417,-76.33083
220909,SAN MARTIN,SAN MARTIN,LA BANDA DE SHILCAYO,-6.49,-76.34056
220910,SAN MARTIN,SAN MARTIN,MORALES,-6.47917,-76.38306
220911,SAN MARTIN,SAN MARTIN,PAPAPLAYA,-6.24528,-75.79056
220912,SAN MARTIN,SAN MARTIN,SAN ANTONIO,-6.40944,-76.40667
220913,SAN MARTIN,SAN MARTIN,SAUCE,-6.69056,-76.21667
220914,SAN MARTIN,SAN MARTIN,SHAPAJA,-6.57972,-76.26194
221001,SAN MARTIN,TOCACHE,TOCACHE,-8.18833,-76.50944
221002,SAN MARTIN,TOCACHE,NUEVO PROGRESO,-8.45056,-76.32639
221003,SAN MARTIN,TOCACHE,POLVORA,-7.90778,-76.66778
221004,SAN MARTIN,TOCACHE,SHUNTE,-8.35167,-76.72972
221005,SAN MARTIN,TOCACHE,UCHIZA,-8.45833,-76.46167
230101,TACNA,TACNA,TACNA,-18.00194,-70.25194
230102,TACNA,TACNA,ALTO DE LA ALIANZA,-17.99306,-70.24778
230103,TACNA,TACNA,CALANA,-17.94333,-70.18833
230104,TACNA,TACNA,CIUDAD NUEVA,-17.98194,-70.23806
230105,TACNA,TACNA,INCLAN,-17.79389,-70.49472
230106,TACNA,TACNA,PACHIA,-17.89639,-70.15389
230107,TACNA,TACNA,PALCA,-17.77833,-69.95972
230108,TACNA,TACNA,POCOLLAY,-17.99667,-70.22583
230109,TACNA,TACNA,SAMA,-17.8625,-70.56
230110,TACNA,TACNA,CORONEL GREGORIO ALBARRACIN LANCHIPA,-18.04306,-70.25167
230111,TACNA,TACNA,LA YARADA LOS PALOS,-18.28611,-70.43917
230201,TACNA,CANDARAVE,CANDARAVE,-17.26806,-70.25028
230202,TACNA,CANDARAVE,CAIRANI,-17.28528,-70.36361
230203,TACNA,CANDARAVE,CAMILACA,-17.2425,-70.38806
230204,TACNA,CANDARAVE,CURIBAYA,-17.38139,-70.33472
230205,TACNA,CANDARAVE,HUANUARA,-17.31361,-70.3225
230206,TACNA,CANDARAVE,QUILAHUANI,-17.31833,-70.25861
230301,TACNA,JORGE BASADRE,LOCUMBA,-17.61389,-70.76278
230302,TACNA,JORGE BASADRE,ILABAYA,-17.41806,-70.51306
230303,TACNA,JORGE BASADRE,ITE,-17.86167,-70.96583
230401,TACNA,TARATA,TARATA,-17.475,-70.03194
230402,TACNA,TARATA,HEROES ALBARRACIN,-17.48056,-70.12306
230403,TACNA,TARATA,ESTIQUE,-17.54194,-70.01833
230404,TACNA,TARATA,ESTIQUE-PAMPA,-17.53861,-70.03139
230405,TACNA,TARATA,SITAJARA,-17.37528,-70.13389
230406,TACNA,TARATA,SUSAPAYA,-17.34806,-70.13361
230407,TACNA,TARATA,TARUCACHI,-17.52583,-70.03167
230408,TACNA,TARATA,TICACO,-17.44722,-70.04667
240101,TUMBES,TUMBES,TUMBES,-3.57111,-80.45917
240102,TUMBES,TUMBES,CORRALES,-3.60139,-80.48056
240103,TUMBES,TUMBES,LA CRUZ,-3.63722,-80.59
240104,TUMBES,TUMBES,PAMPAS DE HOSPITAL,-3.69333,-80.43917
240105,TUMBES,TUMBES,SAN JACINTO,-3.64083,-80.44528
240106,TUMBES,TUMBES,SAN JUAN DE LA VIRGEN,-3.62778,-80.43361
240201,TUMBES,CONTRALMIRANTE VILLAR,ZORRITOS,-3.6775,-80.66806
240202,TUMBES,CONTRALMIRANTE VILLAR,CASITAS,-3.94222,-80.65111
240203,TUMBES,CONTRALMIRANTE VILLAR,CANOAS DE PUNTA SAL,-3.95056,-80.94
240301,TUMBES,ZARUMILLA,ZARUMILLA,-3.50111,-80.27556
240302,TUMBES,ZARUMILLA,AGUAS VERDES,-3.48167,-80.245
240303,TUMBES,ZARUMILLA,MATAPALO,-3.68222,-80.19972
240304,TUMBES,ZARUMILLA,PAPAYAL,-3.57139,-80.235
250101,UCAYALI,CORONEL PORTILLO,CALLERIA,-8.36806,-74.54333
250102,UCAYALI,CORONEL PORTILLO,CAMPOVERDE,-8.47194,-74.80528
250103,UCAYALI,CORONEL PORTILLO,IPARIA,-9.30611,-74.43556
250104,UCAYALI,CORONEL PORTILLO,MASISEA,-8.60472,-74.30611
250105,UCAYALI,CORONEL PORTILLO,YARINACOCHA,-8.35556,-74.57583
250106,UCAYALI,CORONEL PORTILLO,NUEVA REQUENA,-8.32056,-74.85139
250107,UCAYALI,CORONEL PORTILLO,MANANTAY,-8.40028,-74.54139
250201,UCAYALI,ATALAYA,RAYMONDI,-10.72972,-73.75528
250202,UCAYALI,ATALAYA,SEPAHUA,-11.13722,-73.04556
250203,UCAYALI,ATALAYA,TAHUANIA,-10.03056,-73.95639
250204,UCAYALI,ATALAYA,YURUA,-9.53139,-72.76
250301,UCAYALI,PADRE ABAD,PADRE ABAD,-9.03361,-75.5075
250302,UCAYALI,PADRE ABAD,IRAZOLA,-8.82861,-75.21333
250303,UCAYALI,PADRE ABAD,CURIMANA,-8.43333,-75.14778
250304,UCAYALI,PADRE ABAD,NESHUYA,-8.64,-74.96444
250305,UCAYALI,PADRE ABAD,ALEXANDER VON HUMBOLDT,-8.8275,-75.05083
250401,UCAYALI,PURUS,PURUS,-9.77222,-70.70972
