fecha_hora,cod_p,tienda,nivel_calculado,nivel_final,motivo
2026-09-28 22:06,P002102201,FLB Piura Centro,1,1,Temporada de lluvias: monitoreo preventivo.
2026-09-28 22:06,P002102301,FLB Piura Mall Open,1,1,Temporada de lluvias: monitoreo preventivo.
2026-09-28 22:06,P002100601,FLB Chiclayo Mall,1,1,Temporada de lluvias: monitoreo preventivo.
2026-09-28 22:06,P002100701,FLB Trujillo CC,1,1,Temporada de lluvias: monitoreo preventivo.
2026-09-28 22:06,P002100801,FLB Chimbote,1,1,Temporada de lluvias: monitoreo preventivo.
2026-09-28 22:06,P002100901,FLB Cajamarca,2,2,Escenario de riesgo CENEPRED: distrito en riesgo alto por movimientos en masa.
2026-09-28 22:06,P002101401,FLB Canete MP,1,1,Temporada de lluvias: monitoreo preventivo.
2026-09-28 22:06,P002101201,FLB Ica Mall,1,1,Temporada de lluvias: monitoreo preventivo.
2026-09-28 22:06,P002102101,FLB Huancayo,1,1,Temporada de lluvias: monitoreo preventivo.
2026-09-28 22:06,P002103301,FLB Exp Huaraz,1,1,Temporada de lluvias: monitoreo preventivo.
2026-09-28 22:06,P002103501,FLB Exp.Ayacucho,1,1,Temporada de lluvias: monitoreo preventivo.
2026-09-28 22:06,P002102701,FLB Arequipa (Cayma),1,1,Temporada de lluvias: monitoreo preventivo.
2026-09-28 22:06,P002101001,FLB Porongoche,1,1,Temporada de lluvias: monitoreo preventivo.
2026-09-28 22:06,P002103201,FLB Cusco,1,1,Temporada de lluvias: monitoreo preventivo.
2026-09-28 22:06,P002102901,FLB Merced,1,1,Temporada de lluvias: monitoreo preventivo.
2026-09-28 22:06,P004101702,FLB Iquitos,2,2,Escenario de riesgo CENEPRED: distrito con exposición muy alta a inundaciones.
2026-09-28 22:06,P004101301,FLB Pucallpa,2,2,Escenario de riesgo CENEPRED: distrito con exposición muy alta a inundaciones.
2026-09-28 22:06,P004101601,FLB Huanuco Op,1,1,Temporada de lluvias: monitoreo preventivo.
2026-09-28 22:06,P004103901,FLB Tarapoto,2,2,Escenario de riesgo CENEPRED: distrito con exposición alta a inundaciones.
2026-09-28 22:06,CD-LURIN,CD Lurín,1,1,Temporada de lluvias: monitoreo preventivo.
2026-09-28 22:06,CD-VES,CD Villa El Salvador,1,1,Temporada de lluvias: monitoreo preventivo.
2026-09-28 22:06,P002100501,FLB Santa Anita,1,1,Temporada de lluvias: monitoreo preventivo.
2026-09-28 22:06,P002103001,FLB Puruchuco,1,1,Temporada de lluvias: monitoreo preventivo.
2026-09-28 22:06,P002100401,FLB Mega Plaza,1,1,Temporada de lluvias: monitoreo preventivo.
2026-09-28 22:06,P002101101,FLB Lima Norte (Plaza Norte),1,1,Temporada de lluvias: monitoreo preventivo.
2026-09-28 22:06,P002102401,FLB Bellavista,1,1,Temporada de lluvias: monitoreo preventivo.
2026-09-28 22:06,P002102801,FLB San Miguel,1,1,Temporada de lluvias: monitoreo preventivo.
2026-09-28 22:06,P002101901,FLB Mall del Sur,1,1,Temporada de lluvias: monitoreo preventivo.
2026-09-28 22:06,P002102501,FLB Atocongo,1,1,Temporada de lluvias: monitoreo preventivo.
2026-09-28 22:06,P002103101,FLB Comas,1,1,Temporada de lluvias: monitoreo preventivo.
2026-09-28 22:06,P002101801,FLB Centro Civico,1,1,Temporada de lluvias: monitoreo preventivo.
2026-09-28 22:06,P002102001,FLB Lima Centro,1,1,Temporada de lluvias: monitoreo preventivo.
2026-09-28 22:06,EXPO-LIMA-CENTRO,FLB Expo Lima Centro,1,1,Temporada de lluvias: monitoreo preventivo.
2026-09-28 22:06,P002102601,FLB Angamos,1,1,Temporada de lluvias: monitoreo preventivo.
2026-09-28 22:06,P002100301,FLB Miraflores,1,1,Temporada de lluvias: monitoreo preventivo.
2026-09-28 22:06,P002101501,FLB Salaverry,1,1,Temporada de lluvias: monitoreo preventivo.
2026-09-28 22:06,P002100201,FLB Jockey Plaza,1,1,Temporada de lluvias: monitoreo preventivo.
2026-09-28 22:06,P002100101,FLB San Isidro,1,1,Temporada de lluvias: monitoreo preventivo.
2026-09-28 22:06,CORP-SAN-ISIDRO,Corporación San Isidro (oficinas),1,1,Temporada de lluvias: monitoreo preventivo.
2026-09-28 22:06,P002103801,FLB MOLINA,1,1,Temporada de lluvias: monitoreo preventivo.
2026-09-28 22:06,P002304029,FLB Exp Tacna,1,1,Temporada de lluvias: monitoreo preventivo.
2026-09-28 22:26,P002102201,FLB Piura Centro,1,1,Temporada de lluvias: monitoreo preventivo.
2026-09-28 22:26,P002102301,FLB Piura Mall Open,1,1,Temporada de lluvias: monitoreo preventivo.
2026-09-28 22:26,P002100601,FLB Chiclayo Mall,1,1,Temporada de lluvias: monitoreo preventivo.
2026-09-28 22:26,P002100701,FLB Trujillo CC,1,1,Temporada de lluvias: monitoreo preventivo.
2026-09-28 22:26,P002100801,FLB Chimbote,1,1,Temporada de lluvias: monitoreo preventivo.
2026-09-28 22:26,P002100901,FLB Cajamarca,2,2,Escenario de riesgo CENEPRED: distrito en riesgo alto por movimientos en masa.
2026-09-28 22:26,P002101401,FLB Canete MP,1,1,Temporada de lluvias: monitoreo preventivo.
2026-09-28 22:26,P002101201,FLB Ica Mall,1,1,Temporada de lluvias: monitoreo preventivo.
2026-09-28 22:26,P002102101,FLB Huancayo,1,1,Temporada de lluvias: monitoreo preventivo.
2026-09-28 22:26,P002103301,FLB Exp Huaraz,1,1,Temporada de lluvias: monitoreo preventivo.
2026-09-28 22:26,P002103501,FLB Exp.Ayacucho,1,1,Temporada de lluvias: monitoreo preventivo.
2026-09-28 22:26,P002102701,FLB Arequipa (Cayma),1,1,Temporada de lluvias: monitoreo preventivo.
2026-09-28 22:26,P002101001,FLB Porongoche,1,1,Temporada de lluvias: monitoreo preventivo.
2026-09-28 22:26,P002103201,FLB Cusco,1,1,Temporada de lluvias: monitoreo preventivo.
2026-09-28 22:26,P002102901,FLB Merced,1,1,Temporada de lluvias: monitoreo preventivo.
2026-09-28 22:26,P004101702,FLB Iquitos,2,2,Escenario de riesgo CENEPRED: distrito con exposición muy alta a inundaciones.
2026-09-28 22:26,P004101301,FLB Pucallpa,2,2,Escenario de riesgo CENEPRED: distrito con exposición muy alta a inundaciones.
2026-09-28 22:26,P004101601,FLB Huanuco Op,1,1,Temporada de lluvias: monitoreo preventivo.
2026-09-28 22:26,P004103901,FLB Tarapoto,2,2,Escenario de riesgo CENEPRED: distrito con exposición alta a inundaciones.
2026-09-28 22:26,CD-LURIN,CD Lurín,1,1,Temporada de lluvias: monitoreo preventivo.
2026-09-28 22:26,CD-VES,CD Villa El Salvador,1,1,Temporada de lluvias: monitoreo preventivo.
2026-09-28 22:26,P002100501,FLB Santa Anita,1,1,Temporada de lluvias: monitoreo preventivo.
2026-09-28 22:26,P002103001,FLB Puruchuco,1,1,Temporada de lluvias: monitoreo preventivo.
2026-09-28 22:26,P002100401,FLB Mega Plaza,1,1,Temporada de lluvias: monitoreo preventivo.
2026-09-28 22:26,P002101101,FLB Lima Norte (Plaza Norte),1,1,Temporada de lluvias: monitoreo preventivo.
2026-09-28 22:26,P002102401,FLB Bellavista,1,1,Temporada de lluvias: monitoreo preventivo.
2026-09-28 22:26,P002102801,FLB San Miguel,1,1,Temporada de lluvias: monitoreo preventivo.
2026-09-28 22:26,P002101901,FLB Mall del Sur,1,1,Temporada de lluvias: monitoreo preventivo.
2026-09-28 22:26,P002102501,FLB Atocongo,1,1,Temporada de lluvias: monitoreo preventivo.
2026-09-28 22:26,P002103101,FLB Comas,1,1,Temporada de lluvias: monitoreo preventivo.
2026-09-28 22:26,P002101801,FLB Centro Civico,1,1,Temporada de lluvias: monitoreo preventivo.
2026-09-28 22:26,P002102001,FLB Lima Centro,1,1,Temporada de lluvias: monitoreo preventivo.
2026-09-28 22:26,EXPO-LIMA-CENTRO,FLB Expo Lima Centro,1,1,Temporada de lluvias: monitoreo preventivo.
2026-09-28 22:26,P002102601,FLB Angamos,1,1,Temporada de lluvias: monitoreo preventivo.
2026-09-28 22:26,P002100301,FLB Miraflores,1,1,Temporada de lluvias: monitoreo preventivo.
2026-09-28 22:26,P002101501,FLB Salaverry,1,1,Temporada de lluvias: monitoreo preventivo.
2026-09-28 22:26,P002100201,FLB Jockey Plaza,1,1,Temporada de lluvias: monitoreo preventivo.
2026-09-28 22:26,P002100101,FLB San Isidro,1,1,Temporada de lluvias: monitoreo preventivo.
2026-09-28 22:26,CORP-SAN-ISIDRO,Corporación San Isidro (oficinas),1,1,Temporada de lluvias: monitoreo preventivo.
2026-09-28 22:26,P002103801,FLB MOLINA,1,1,Temporada de lluvias: monitoreo preventivo.
2026-09-28 22:26,P002304029,FLB Exp Tacna,1,1,Temporada de lluvias: monitoreo preventivo.
2026-09-28 22:31,P002102201,FLB Piura Centro,1,1,Temporada de lluvias: monitoreo preventivo.
2026-09-28 22:31,P002102301,FLB Piura Mall Open,1,1,Temporada de lluvias: monitoreo preventivo.
2026-09-28 22:31,P002100601,FLB Chiclayo Mall,1,1,Temporada de lluvias: monitoreo preventivo.
2026-09-28 22:31,P002100701,FLB Trujillo CC,1,1,Temporada de lluvias: monitoreo preventivo.
2026-09-28 22:31,P002100801,FLB Chimbote,1,1,Temporada de lluvias: monitoreo preventivo.
2026-09-28 22:31,P002100901,FLB Cajamarca,2,2,Escenario de riesgo CENEPRED: distrito en riesgo alto por movimientos en masa.
2026-09-28 22:31,P002101401,FLB Canete MP,1,1,Temporada de lluvias: monitoreo preventivo.
2026-09-28 22:31,P002101201,FLB Ica Mall,1,1,Temporada de lluvias: monitoreo preventivo.
2026-09-28 22:31,P002102101,FLB Huancayo,1,1,Temporada de lluvias: monitoreo preventivo.
2026-09-28 22:31,P002103301,FLB Exp Huaraz,1,1,Temporada de lluvias: monitoreo preventivo.
2026-09-28 22:31,P002103501,FLB Exp.Ayacucho,1,1,Temporada de lluvias: monitoreo preventivo.
2026-09-28 22:31,P002102701,FLB Arequipa (Cayma),1,1,Temporada de lluvias: monitoreo preventivo.
2026-09-28 22:31,P002101001,FLB Porongoche,1,1,Temporada de lluvias: monitoreo preventivo.
2026-09-28 22:31,P002103201,FLB Cusco,1,1,Temporada de lluvias: monitoreo preventivo.
2026-09-28 22:31,P002102901,FLB Merced,1,1,Temporada de lluvias: monitoreo preventivo.
2026-09-28 22:31,P004101702,FLB Iquitos,2,2,Escenario de riesgo CENEPRED: distrito con exposición muy alta a inundaciones.
2026-09-28 22:31,P004101301,FLB Pucallpa,2,2,Escenario de riesgo CENEPRED: distrito con exposición muy alta a inundaciones.
2026-09-28 22:31,P004101601,FLB Huanuco Op,1,1,Temporada de lluvias: monitoreo preventivo.
2026-09-28 22:31,P004103901,FLB Tarapoto,2,2,Escenario de riesgo CENEPRED: distrito con exposición alta a inundaciones.
2026-09-28 22:31,CD-LURIN,CD Lurín,1,1,Temporada de lluvias: monitoreo preventivo.
2026-09-28 22:31,CD-VES,CD Villa El Salvador,1,1,Temporada de lluvias: monitoreo preventivo.
2026-09-28 22:31,P002100501,FLB Santa Anita,1,1,Temporada de lluvias: monitoreo preventivo.
2026-09-28 22:31,P002103001,FLB Puruchuco,1,1,Temporada de lluvias: monitoreo preventivo.
2026-09-28 22:31,P002100401,FLB Mega Plaza,1,1,Temporada de lluvias: monitoreo preventivo.
2026-09-28 22:31,P002101101,FLB Lima Norte (Plaza Norte),1,1,Temporada de lluvias: monitoreo preventivo.
2026-09-28 22:31,P002102401,FLB Bellavista,1,1,Temporada de lluvias: monitoreo preventivo.
2026-09-28 22:31,P002102801,FLB San Miguel,1,1,Temporada de lluvias: monitoreo preventivo.
2026-09-28 22:31,P002101901,FLB Mall del Sur,1,1,Temporada de lluvias: monitoreo preventivo.
2026-09-28 22:31,P002102501,FLB Atocongo,1,1,Temporada de lluvias: monitoreo preventivo.
2026-09-28 22:31,P002103101,FLB Comas,1,1,Temporada de lluvias: monitoreo preventivo.
2026-09-28 22:31,P002101801,FLB Centro Civico,1,1,Temporada de lluvias: monitoreo preventivo.
2026-09-28 22:31,P002102001,FLB Lima Centro,1,1,Temporada de lluvias: monitoreo preventivo.
2026-09-28 22:31,EXPO-LIMA-CENTRO,FLB Expo Lima Centro,1,1,Temporada de lluvias: monitoreo preventivo.
2026-09-28 22:31,P002102601,FLB Angamos,1,1,Temporada de lluvias: monitoreo preventivo.
2026-09-28 22:31,P002100301,FLB Miraflores,1,1,Temporada de lluvias: monitoreo preventivo.
2026-09-28 22:31,P002101501,FLB Salaverry,1,1,Temporada de lluvias: monitoreo preventivo.
2026-09-28 22:31,P002100201,FLB Jockey Plaza,1,1,Temporada de lluvias: monitoreo preventivo.
2026-09-28 22:31,P002100101,FLB San Isidro,1,1,Temporada de lluvias: monitoreo preventivo.
2026-09-28 22:31,CORP-SAN-ISIDRO,Corporación San Isidro (oficinas),1,1,Temporada de lluvias: monitoreo preventivo.
2026-09-28 22:31,P002103801,FLB MOLINA,1,1,Temporada de lluvias: monitoreo preventivo.
2026-09-28 22:31,P002304029,FLB Exp Tacna,1,1,Temporada de lluvias: monitoreo preventivo.
2026-09-29 06:11,P002102201,FLB Piura Centro,1,1,Temporada de lluvias: monitoreo preventivo.
2026-09-29 06:11,P002102301,FLB Piura Mall Open,1,1,Temporada de lluvias: monitoreo preventivo.
2026-09-29 06:11,P002100601,FLB Chiclayo Mall,1,1,Temporada de lluvias: monitoreo preventivo.
2026-09-29 06:11,P002100701,FLB Trujillo CC,1,1,Temporada de lluvias: monitoreo preventivo.
2026-09-29 06:11,P002100801,FLB Chimbote,1,1,Temporada de lluvias: monitoreo preventivo.
2026-09-29 06:11,P002100901,FLB Cajamarca,2,2,Escenario de riesgo CENEPRED: distrito en riesgo alto por movimientos en masa.
2026-09-29 06:11,P002101401,FLB Canete MP,1,1,Temporada de lluvias: monitoreo preventivo.
2026-09-29 06:11,P002101201,FLB Ica Mall,1,1,Temporada de lluvias: monitoreo preventivo.
2026-09-29 06:11,P002102101,FLB Huancayo,1,1,Temporada de lluvias: monitoreo preventivo.
2026-09-29 06:11,P002103301,FLB Exp Huaraz,1,1,Temporada de lluvias: monitoreo preventivo.
2026-09-29 06:11,P002103501,FLB Exp.Ayacucho,1,1,Temporada de lluvias: monitoreo preventivo.
2026-09-29 06:11,P002102701,FLB Arequipa (Cayma),1,1,Temporada de lluvias: monitoreo preventivo.
2026-09-29 06:11,P002101001,FLB Porongoche,1,1,Temporada de lluvias: monitoreo preventivo.
2026-09-29 06:11,P002103201,FLB Cusco,1,1,Temporada de lluvias: monitoreo preventivo.
2026-09-29 06:11,P002102901,FLB Merced,1,1,Temporada de lluvias: monitoreo preventivo.
2026-09-29 06:11,P004101702,FLB Iquitos,2,2,Escenario de riesgo CENEPRED: distrito con exposición muy alta a inundaciones.
2026-09-29 06:11,P004101301,FLB Pucallpa,2,2,Escenario de riesgo CENEPRED: distrito con exposición muy alta a inundaciones.
2026-09-29 06:11,P004101601,FLB Huanuco Op,1,1,Temporada de lluvias: monitoreo preventivo.
2026-09-29 06:11,P004103901,FLB Tarapoto,2,2,Escenario de riesgo CENEPRED: distrito con exposición alta a inundaciones.
2026-09-29 06:11,CD-LURIN,CD Lurín,1,1,Temporada de lluvias: monitoreo preventivo.
2026-09-29 06:11,CD-VES,CD Villa El Salvador,1,1,Temporada de lluvias: monitoreo preventivo.
2026-09-29 06:11,P002100501,FLB Santa Anita,1,1,Temporada de lluvias: monitoreo preventivo.
2026-09-29 06:11,P002103001,FLB Puruchuco,1,1,Temporada de lluvias: monitoreo preventivo.
2026-09-29 06:11,P002100401,FLB Mega Plaza,1,1,Temporada de lluvias: monitoreo preventivo.
2026-09-29 06:11,P002101101,FLB Lima Norte (Plaza Norte),1,1,Temporada de lluvias: monitoreo preventivo.
2026-09-29 06:11,P002102401,FLB Bellavista,1,1,Temporada de lluvias: monitoreo preventivo.
2026-09-29 06:11,P002102801,FLB San Miguel,1,1,Temporada de lluvias: monitoreo preventivo.
2026-09-29 06:11,P002101901,FLB Mall del Sur,1,1,Temporada de lluvias: monitoreo preventivo.
2026-09-29 06:11,P002102501,FLB Atocongo,1,1,Temporada de lluvias: monitoreo preventivo.
2026-09-29 06:11,P002103101,FLB Comas,1,1,Temporada de lluvias: monitoreo preventivo.
2026-09-29 06:11,P002101801,FLB Centro Civico,1,1,Temporada de lluvias: monitoreo preventivo.
2026-09-29 06:11,P002102001,FLB Lima Centro,1,1,Temporada de lluvias: monitoreo preventivo.
2026-09-29 06:11,EXPO-LIMA-CENTRO,FLB Expo Lima Centro,1,1,Temporada de lluvias: monitoreo preventivo.
2026-09-29 06:11,P002102601,FLB Angamos,1,1,Temporada de lluvias: monitoreo preventivo.
2026-09-29 06:11,P002100301,FLB Miraflores,1,1,Temporada de lluvias: monitoreo preventivo.
2026-09-29 06:11,P002101501,FLB Salaverry,1,1,Temporada de lluvias: monitoreo preventivo.
2026-09-29 06:11,P002100201,FLB Jockey Plaza,1,1,Temporada de lluvias: monitoreo preventivo.
2026-09-29 06:11,P002100101,FLB San Isidro,1,1,Temporada de lluvias: monitoreo preventivo.
2026-09-29 06:11,CORP-SAN-ISIDRO,Corporación San Isidro (oficinas),1,1,Temporada de lluvias: monitoreo preventivo.
2026-09-29 06:11,P002103801,FLB MOLINA,1,1,Temporada de lluvias: monitoreo preventivo.
2026-09-29 06:11,P002304029,FLB Exp Tacna,1,1,Temporada de lluvias: monitoreo preventivo.
2026-09-29 10:06,P002102201,FLB Piura Centro,1,1,Temporada de lluvias: monitoreo preventivo.
2026-09-29 10:06,P002102301,FLB Piura Mall Open,1,1,Temporada de lluvias: monitoreo preventivo.
2026-09-29 10:06,P002100601,FLB Chiclayo Mall,1,1,Temporada de lluvias: monitoreo preventivo.
2026-09-29 10:06,P002100701,FLB Trujillo CC,1,1,Temporada de lluvias: monitoreo preventivo.
2026-09-29 10:06,P002100801,FLB Chimbote,1,1,Temporada de lluvias: monitoreo preventivo.
2026-09-29 10:06,P002100901,FLB Cajamarca,2,2,Escenario de riesgo CENEPRED: distrito en riesgo alto por movimientos en masa.
2026-09-29 10:06,P002101401,FLB Canete MP,1,1,Temporada de lluvias: monitoreo preventivo.
2026-09-29 10:06,P002101201,FLB Ica Mall,1,1,Temporada de lluvias: monitoreo preventivo.
2026-09-29 10:06,P002102101,FLB Huancayo,1,1,Temporada de lluvias: monitoreo preventivo.
2026-09-29 10:06,P002103301,FLB Exp Huaraz,1,1,Temporada de lluvias: monitoreo preventivo.
2026-09-29 10:06,P002103501,FLB Exp.Ayacucho,1,1,Temporada de lluvias: monitoreo preventivo.
2026-09-29 10:06,P002102701,FLB Arequipa (Cayma),1,1,Temporada de lluvias: monitoreo preventivo.
2026-09-29 10:06,P002101001,FLB Porongoche,1,1,Temporada de lluvias: monitoreo preventivo.
2026-09-29 10:06,P002103201,FLB Cusco,1,1,Temporada de lluvias: monitoreo preventivo.
2026-09-29 10:06,P002102901,FLB Merced,1,1,Temporada de lluvias: monitoreo preventivo.
2026-09-29 10:06,P004101702,FLB Iquitos,2,2,Escenario de riesgo CENEPRED: distrito con exposición muy alta a inundaciones.
2026-09-29 10:06,P004101301,FLB Pucallpa,2,2,Escenario de riesgo CENEPRED: distrito con exposición muy alta a inundaciones.
2026-09-29 10:06,P004101601,FLB Huanuco Op,1,1,Temporada de lluvias: monitoreo preventivo.
2026-09-29 10:06,P004103901,FLB Tarapoto,2,2,Escenario de riesgo CENEPRED: distrito con exposición alta a inundaciones.
2026-09-29 10:06,CD-LURIN,CD Lurín,1,1,Temporada de lluvias: monitoreo preventivo.
2026-09-29 10:06,CD-VES,CD Villa El Salvador,1,1,Temporada de lluvias: monitoreo preventivo.
2026-09-29 10:06,P002100501,FLB Santa Anita,1,1,Temporada de lluvias: monitoreo preventivo.
2026-09-29 10:06,P002103001,FLB Puruchuco,1,1,Temporada de lluvias: monitoreo preventivo.
2026-09-29 10:06,P002100401,FLB Mega Plaza,1,1,Temporada de lluvias: monitoreo preventivo.
2026-09-29 10:06,P002101101,FLB Lima Norte (Plaza Norte),1,1,Temporada de lluvias: monitoreo preventivo.
2026-09-29 10:06,P002102401,FLB Bellavista,1,1,Temporada de lluvias: monitoreo preventivo.
2026-09-29 10:06,P002102801,FLB San Miguel,1,1,Temporada de lluvias: monitoreo preventivo.
2026-09-29 10:06,P002101901,FLB Mall del Sur,1,1,Temporada de lluvias: monitoreo preventivo.
2026-09-29 10:06,P002102501,FLB Atocongo,1,1,Temporada de lluvias: monitoreo preventivo.
2026-09-29 10:06,P002103101,FLB Comas,1,1,Temporada de lluvias: monitoreo preventivo.
2026-09-29 10:06,P002101801,FLB Centro Civico,1,1,Temporada de lluvias: monitoreo preventivo.
2026-09-29 10:06,P002102001,FLB Lima Centro,1,1,Temporada de lluvias: monitoreo preventivo.
2026-09-29 10:06,EXPO-LIMA-CENTRO,FLB Expo Lima Centro,1,1,Temporada de lluvias: monitoreo preventivo.
2026-09-29 10:06,P002102601,FLB Angamos,1,1,Temporada de lluvias: monitoreo preventivo.
2026-09-29 10:06,P002100301,FLB Miraflores,1,1,Temporada de lluvias: monitoreo preventivo.
2026-09-29 10:06,P002101501,FLB Salaverry,1,1,Temporada de lluvias: monitoreo preventivo.
2026-09-29 10:06,P002100201,FLB Jockey Plaza,1,1,Temporada de lluvias: monitoreo preventivo.
2026-09-29 10:06,P002100101,FLB San Isidro,1,1,Temporada de lluvias: monitoreo preventivo.
2026-09-29 10:06,CORP-SAN-ISIDRO,Corporación San Isidro (oficinas),1,1,Temporada de lluvias: monitoreo preventivo.
2026-09-29 10:06,P002103801,FLB MOLINA,1,1,Temporada de lluvias: monitoreo preventivo.
2026-09-29 10:06,P002304029,FLB Exp Tacna,1,1,Temporada de lluvias: monitoreo preventivo.
2026-09-29 10:15,P002102201,FLB Piura Centro,1,1,Temporada de lluvias: monitoreo preventivo.
2026-09-29 10:15,P002102301,FLB Piura Mall Open,1,1,Temporada de lluvias: monitoreo preventivo.
2026-09-29 10:15,P002100601,FLB Chiclayo Mall,1,1,Temporada de lluvias: monitoreo preventivo.
2026-09-29 10:15,P002100701,FLB Trujillo CC,1,1,Temporada de lluvias: monitoreo preventivo.
2026-09-29 10:15,P002100801,FLB Chimbote,1,1,Temporada de lluvias: monitoreo preventivo.
2026-09-29 10:15,P002100901,FLB Cajamarca,2,2,Escenario de riesgo CENEPRED: distrito en riesgo alto por movimientos en masa.
2026-09-29 10:15,P002101401,FLB Canete MP,1,1,Temporada de lluvias: monitoreo preventivo.
2026-09-29 10:15,P002101201,FLB Ica Mall,1,1,Temporada de lluvias: monitoreo preventivo.
2026-09-29 10:15,P002102101,FLB Huancayo,1,1,Temporada de lluvias: monitoreo preventivo.
2026-09-29 10:15,P002103301,FLB Exp Huaraz,1,1,Temporada de lluvias: monitoreo preventivo.
2026-09-29 10:15,P002103501,FLB Exp.Ayacucho,1,1,Temporada de lluvias: monitoreo preventivo.
2026-09-29 10:15,P002102701,FLB Arequipa (Cayma),1,1,Temporada de lluvias: monitoreo preventivo.
2026-09-29 10:15,P002101001,FLB Porongoche,1,1,Temporada de lluvias: monitoreo preventivo.
2026-09-29 10:15,P002103201,FLB Cusco,1,1,Temporada de lluvias: monitoreo preventivo.
2026-09-29 10:15,P002102901,FLB Merced,1,1,Temporada de lluvias: monitoreo preventivo.
2026-09-29 10:15,P004101702,FLB Iquitos,2,2,Escenario de riesgo CENEPRED: distrito con exposición muy alta a inundaciones.
2026-09-29 10:15,P004101301,FLB Pucallpa,2,2,Escenario de riesgo CENEPRED: distrito con exposición muy alta a inundaciones.
2026-09-29 10:15,P004101601,FLB Huanuco Op,1,1,Temporada de lluvias: monitoreo preventivo.
2026-09-29 10:15,P004103901,FLB Tarapoto,2,2,Escenario de riesgo CENEPRED: distrito con exposición alta a inundaciones.
2026-09-29 10:15,CD-LURIN,CD Lurín,1,1,Temporada de lluvias: monitoreo preventivo.
2026-09-29 10:15,CD-VES,CD Villa El Salvador,1,1,Temporada de lluvias: monitoreo preventivo.
2026-09-29 10:15,P002100501,FLB Santa Anita,1,1,Temporada de lluvias: monitoreo preventivo.
2026-09-29 10:15,P002103001,FLB Puruchuco,1,1,Temporada de lluvias: monitoreo preventivo.
2026-09-29 10:15,P002100401,FLB Mega Plaza,1,1,Temporada de lluvias: monitoreo preventivo.
2026-09-29 10:15,P002101101,FLB Lima Norte (Plaza Norte),1,1,Temporada de lluvias: monitoreo preventivo.
2026-09-29 10:15,P002102401,FLB Bellavista,1,1,Temporada de lluvias: monitoreo preventivo.
2026-09-29 10:15,P002102801,FLB San Miguel,1,1,Temporada de lluvias: monitoreo preventivo.
2026-09-29 10:15,P002101901,FLB Mall del Sur,1,1,Temporada de lluvias: monitoreo preventivo.
2026-09-29 10:15,P002102501,FLB Atocongo,1,1,Temporada de lluvias: monitoreo preventivo.
2026-09-29 10:15,P002103101,FLB Comas,1,1,Temporada de lluvias: monitoreo preventivo.
2026-09-29 10:15,P002101801,FLB Centro Civico,1,1,Temporada de lluvias: monitoreo preventivo.
2026-09-29 10:15,P002102001,FLB Lima Centro,1,1,Temporada de lluvias: monitoreo preventivo.
2026-09-29 10:15,EXPO-LIMA-CENTRO,FLB Expo Lima Centro,1,1,Temporada de lluvias: monitoreo preventivo.
2026-09-29 10:15,P002102601,FLB Angamos,1,1,Temporada de lluvias: monitoreo preventivo.
2026-09-29 10:15,P002100301,FLB Miraflores,1,1,Temporada de lluvias: monitoreo preventivo.
2026-09-29 10:15,P002101501,FLB Salaverry,1,1,Temporada de lluvias: monitoreo preventivo.
2026-09-29 10:15,P002100201,FLB Jockey Plaza,1,1,Temporada de lluvias: monitoreo preventivo.
2026-09-29 10:15,P002100101,FLB San Isidro,1,1,Temporada de lluvias: monitoreo preventivo.
2026-09-29 10:15,CORP-SAN-ISIDRO,Corporación San Isidro (oficinas),1,1,Temporada de lluvias: monitoreo preventivo.
2026-09-29 10:15,P002103801,FLB MOLINA,1,1,Temporada de lluvias: monitoreo preventivo.
2026-09-29 10:15,P002304029,FLB Exp Tacna,1,1,Temporada de lluvias: monitoreo preventivo.
2026-09-29 14:58,P002102201,FLB Piura Centro,1,1,Temporada de lluvias: monitoreo preventivo.
2026-09-29 14:58,P002102301,FLB Piura Mall Open,1,1,Temporada de lluvias: monitoreo preventivo.
2026-09-29 14:58,P002100601,FLB Chiclayo Mall,1,1,Temporada de lluvias: monitoreo preventivo.
2026-09-29 14:58,P002100701,FLB Trujillo CC,1,1,Temporada de lluvias: monitoreo preventivo.
2026-09-29 14:58,P002100801,FLB Chimbote,1,1,Temporada de lluvias: monitoreo preventivo.
2026-09-29 14:58,P002100901,FLB Cajamarca,2,2,Escenario de riesgo CENEPRED: distrito en riesgo alto por movimientos en masa.
2026-09-29 14:58,P002101401,FLB Canete MP,1,1,Temporada de lluvias: monitoreo preventivo.
2026-09-29 14:58,P002101201,FLB Ica Mall,1,1,Temporada de lluvias: monitoreo preventivo.
2026-09-29 14:58,P002102101,FLB Huancayo,1,1,Temporada de lluvias: monitoreo preventivo.
2026-09-29 14:58,P002103301,FLB Exp Huaraz,1,1,Temporada de lluvias: monitoreo preventivo.
2026-09-29 14:58,P002103501,FLB Exp.Ayacucho,1,1,Temporada de lluvias: monitoreo preventivo.
2026-09-29 14:58,P002102701,FLB Arequipa (Cayma),1,1,Temporada de lluvias: monitoreo preventivo.
2026-09-29 14:58,P002101001,FLB Porongoche,1,1,Temporada de lluvias: monitoreo preventivo.
2026-09-29 14:58,P002103201,FLB Cusco,1,1,Temporada de lluvias: monitoreo preventivo.
2026-09-29 14:58,P002102901,FLB Merced,1,1,Temporada de lluvias: monitoreo preventivo.
2026-09-29 14:58,P004101702,FLB Iquitos,2,2,Escenario de riesgo CENEPRED: distrito con exposición muy alta a inundaciones.
2026-09-29 14:58,P004101301,FLB Pucallpa,2,2,Escenario de riesgo CENEPRED: distrito con exposición muy alta a inundaciones.
2026-09-29 14:58,P004101601,FLB Huanuco Op,1,1,Temporada de lluvias: monitoreo preventivo.
2026-09-29 14:58,P004103901,FLB Tarapoto,2,2,Escenario de riesgo CENEPRED: distrito con exposición alta a inundaciones.
2026-09-29 14:58,CD-LURIN,CD Lurín,1,1,Temporada de lluvias: monitoreo preventivo.
2026-09-29 14:58,CD-VES,CD Villa El Salvador,1,1,Temporada de lluvias: monitoreo preventivo.
2026-09-29 14:58,P002100501,FLB Santa Anita,1,1,Temporada de lluvias: monitoreo preventivo.
2026-09-29 14:58,P002103001,FLB Puruchuco,1,1,Temporada de lluvias: monitoreo preventivo.
2026-09-29 14:58,P002100401,FLB Mega Plaza,1,1,Temporada de lluvias: monitoreo preventivo.
2026-09-29 14:58,P002101101,FLB Lima Norte (Plaza Norte),1,1,Temporada de lluvias: monitoreo preventivo.
2026-09-29 14:58,P002102401,FLB Bellavista,1,1,Temporada de lluvias: monitoreo preventivo.
2026-09-29 14:58,P002102801,FLB San Miguel,1,1,Temporada de lluvias: monitoreo preventivo.
2026-09-29 14:58,P002101901,FLB Mall del Sur,1,1,Temporada de lluvias: monitoreo preventivo.
2026-09-29 14:58,P002102501,FLB Atocongo,1,1,Temporada de lluvias: monitoreo preventivo.
2026-09-29 14:58,P002103101,FLB Comas,1,1,Temporada de lluvias: monitoreo preventivo.
2026-09-29 14:58,P002101801,FLB Centro Civico,1,1,Temporada de lluvias: monitoreo preventivo.
2026-09-29 14:58,P002102001,FLB Lima Centro,1,1,Temporada de lluvias: monitoreo preventivo.
2026-09-29 14:58,EXPO-LIMA-CENTRO,FLB Expo Lima Centro,1,1,Temporada de lluvias: monitoreo preventivo.
2026-09-29 14:58,P002102601,FLB Angamos,1,1,Temporada de lluvias: monitoreo preventivo.
2026-09-29 14:58,P002100301,FLB Miraflores,1,1,Temporada de lluvias: monitoreo preventivo.
2026-09-29 14:58,P002101501,FLB Salaverry,1,1,Temporada de lluvias: monitoreo preventivo.
2026-09-29 14:58,P002100201,FLB Jockey Plaza,1,1,Temporada de lluvias: monitoreo preventivo.
2026-09-29 14:58,P002100101,FLB San Isidro,1,1,Temporada de lluvias: monitoreo preventivo.
2026-09-29 14:58,CORP-SAN-ISIDRO,Corporación San Isidro (oficinas),1,1,Temporada de lluvias: monitoreo preventivo.
2026-09-29 14:58,P002103801,FLB MOLINA,1,1,Temporada de lluvias: monitoreo preventivo.
2026-09-29 14:58,P002304029,FLB Exp Tacna,1,1,Temporada de lluvias: monitoreo preventivo.
2026-09-29 17:23,P002102201,FLB Piura Centro,1,1,Temporada de lluvias: monitoreo preventivo.
2026-09-29 17:23,P002102301,FLB Piura Mall Open,1,1,Temporada de lluvias: monitoreo preventivo.
2026-09-29 17:23,P002100601,FLB Chiclayo Mall,1,1,Temporada de lluvias: monitoreo preventivo.
2026-09-29 17:23,P002100701,FLB Trujillo CC,1,1,Temporada de lluvias: monitoreo preventivo.
2026-09-29 17:23,P002100801,FLB Chimbote,1,1,Temporada de lluvias: monitoreo preventivo.
2026-09-29 17:23,P002100901,FLB Cajamarca,2,2,Escenario de riesgo CENEPRED: distrito en riesgo alto por movimientos en masa.
2026-09-29 17:23,P002101401,FLB Canete MP,1,1,Temporada de lluvias: monitoreo preventivo.
2026-09-29 17:23,P002101201,FLB Ica Mall,1,1,Temporada de lluvias: monitoreo preventivo.
2026-09-29 17:23,P002102101,FLB Huancayo,1,1,Temporada de lluvias: monitoreo preventivo.
2026-09-29 17:23,P002103301,FLB Exp Huaraz,1,1,Temporada de lluvias: monitoreo preventivo.
2026-09-29 17:23,P002103501,FLB Exp.Ayacucho,1,1,Temporada de lluvias: monitoreo preventivo.
2026-09-29 17:23,P002102701,FLB Arequipa (Cayma),1,1,Temporada de lluvias: monitoreo preventivo.
2026-09-29 17:23,P002101001,FLB Porongoche,1,1,Temporada de lluvias: monitoreo preventivo.
2026-09-29 17:23,P002103201,FLB Cusco,1,1,Temporada de lluvias: monitoreo preventivo.
2026-09-29 17:23,P002102901,FLB Merced,1,1,Temporada de lluvias: monitoreo preventivo.
2026-09-29 17:23,P004101702,FLB Iquitos,2,2,Escenario de riesgo CENEPRED: distrito con exposición muy alta a inundaciones.
2026-09-29 17:23,P004101301,FLB Pucallpa,2,2,Escenario de riesgo CENEPRED: distrito con exposición muy alta a inundaciones.
2026-09-29 17:23,P004101601,FLB Huanuco Op,1,1,Temporada de lluvias: monitoreo preventivo.
2026-09-29 17:23,P004103901,FLB Tarapoto,2,2,Escenario de riesgo CENEPRED: distrito con exposición alta a inundaciones.
2026-09-29 17:23,CD-LURIN,CD Lurín,1,1,Temporada de lluvias: monitoreo preventivo.
2026-09-29 17:23,CD-VES,CD Villa El Salvador,1,1,Temporada de lluvias: monitoreo preventivo.
2026-09-29 17:23,P002100501,FLB Santa Anita,1,1,Temporada de lluvias: monitoreo preventivo.
2026-09-29 17:23,P002103001,FLB Puruchuco,1,1,Temporada de lluvias: monitoreo preventivo.
2026-09-29 17:23,P002100401,FLB Mega Plaza,1,1,Temporada de lluvias: monitoreo preventivo.
2026-09-29 17:23,P002101101,FLB Lima Norte (Plaza Norte),1,1,Temporada de lluvias: monitoreo preventivo.
2026-09-29 17:23,P002102401,FLB Bellavista,1,1,Temporada de lluvias: monitoreo preventivo.
2026-09-29 17:23,P002102801,FLB San Miguel,1,1,Temporada de lluvias: monitoreo preventivo.
2026-09-29 17:23,P002101901,FLB Mall del Sur,1,1,Temporada de lluvias: monitoreo preventivo.
2026-09-29 17:23,P002102501,FLB Atocongo,1,1,Temporada de lluvias: monitoreo preventivo.
2026-09-29 17:23,P002103101,FLB Comas,1,1,Temporada de lluvias: monitoreo preventivo.
2026-09-29 17:23,P002101801,FLB Centro Civico,1,1,Temporada de lluvias: monitoreo preventivo.
2026-09-29 17:23,P002102001,FLB Lima Centro,1,1,Temporada de lluvias: monitoreo preventivo.
2026-09-29 17:23,EXPO-LIMA-CENTRO,FLB Expo Lima Centro,1,1,Temporada de lluvias: monitoreo preventivo.
2026-09-29 17:23,P002102601,FLB Angamos,1,1,Temporada de lluvias: monitoreo preventivo.
2026-09-29 17:23,P002100301,FLB Miraflores,1,1,Temporada de lluvias: monitoreo preventivo.
2026-09-29 17:23,P002101501,FLB Salaverry,1,1,Temporada de lluvias: monitoreo preventivo.
2026-09-29 17:23,P002100201,FLB Jockey Plaza,1,1,Temporada de lluvias: monitoreo preventivo.
2026-09-29 17:23,P002100101,FLB San Isidro,1,1,Temporada de lluvias: monitoreo preventivo.
2026-09-29 17:23,CORP-SAN-ISIDRO,Corporación San Isidro (oficinas),1,1,Temporada de lluvias: monitoreo preventivo.
2026-09-29 17:23,P002103801,FLB MOLINA,1,1,Temporada de lluvias: monitoreo preventivo.
2026-09-29 17:23,P002304029,FLB Exp Tacna,1,1,Temporada de lluvias: monitoreo preventivo.
2026-09-29 17:39,P002102201,FLB Piura Centro,1,1,Temporada de lluvias: monitoreo preventivo.
2026-09-29 17:39,P002102301,FLB Piura Mall Open,1,1,Temporada de lluvias: monitoreo preventivo.
2026-09-29 17:39,P002100601,FLB Chiclayo Mall,1,1,Temporada de lluvias: monitoreo preventivo.
2026-09-29 17:39,P002100701,FLB Trujillo CC,1,1,Temporada de lluvias: monitoreo preventivo.
2026-09-29 17:39,P002100801,FLB Chimbote,1,1,Temporada de lluvias: monitoreo preventivo.
2026-09-29 17:39,P002100901,FLB Cajamarca,2,2,Escenario de riesgo CENEPRED: distrito en riesgo alto por movimientos en masa.
2026-09-29 17:39,P002101401,FLB Canete MP,1,1,Temporada de lluvias: monitoreo preventivo.
2026-09-29 17:39,P002101201,FLB Ica Mall,1,1,Temporada de lluvias: monitoreo preventivo.
2026-09-29 17:39,P002102101,FLB Huancayo,1,1,Temporada de lluvias: monitoreo preventivo.
2026-09-29 17:39,P002103301,FLB Exp Huaraz,1,1,Temporada de lluvias: monitoreo preventivo.
2026-09-29 17:39,P002103501,FLB Exp.Ayacucho,1,1,Temporada de lluvias: monitoreo preventivo.
2026-09-29 17:39,P002102701,FLB Arequipa (Cayma),1,1,Temporada de lluvias: monitoreo preventivo.
2026-09-29 17:39,P002101001,FLB Porongoche,1,1,Temporada de lluvias: monitoreo preventivo.
2026-09-29 17:39,P002103201,FLB Cusco,1,1,Temporada de lluvias: monitoreo preventivo.
2026-09-29 17:39,P002102901,FLB Merced,1,1,Temporada de lluvias: monitoreo preventivo.
2026-09-29 17:39,P004101702,FLB Iquitos,2,2,Escenario de riesgo CENEPRED: distrito con exposición muy alta a inundaciones.
2026-09-29 17:39,P004101301,FLB Pucallpa,2,2,Escenario de riesgo CENEPRED: distrito con exposición muy alta a inundaciones.
2026-09-29 17:39,P004101601,FLB Huanuco Op,1,1,Temporada de lluvias: monitoreo preventivo.
2026-09-29 17:39,P004103901,FLB Tarapoto,2,2,Escenario de riesgo CENEPRED: distrito con exposición alta a inundaciones.
2026-09-29 17:39,CD-LURIN,CD Lurín,1,1,Temporada de lluvias: monitoreo preventivo.
2026-09-29 17:39,CD-VES,CD Villa El Salvador,1,1,Temporada de lluvias: monitoreo preventivo.
2026-09-29 17:39,P002100501,FLB Santa Anita,1,1,Temporada de lluvias: monitoreo preventivo.
2026-09-29 17:39,P002103001,FLB Puruchuco,1,1,Temporada de lluvias: monitoreo preventivo.
2026-09-29 17:39,P002100401,FLB Mega Plaza,1,1,Temporada de lluvias: monitoreo preventivo.
2026-09-29 17:39,P002101101,FLB Lima Norte (Plaza Norte),1,1,Temporada de lluvias: monitoreo preventivo.
2026-09-29 17:39,P002102401,FLB Bellavista,1,1,Temporada de lluvias: monitoreo preventivo.
2026-09-29 17:39,P002102801,FLB San Miguel,1,1,Temporada de lluvias: monitoreo preventivo.
2026-09-29 17:39,P002101901,FLB Mall del Sur,1,1,Temporada de lluvias: monitoreo preventivo.
2026-09-29 17:39,P002102501,FLB Atocongo,1,1,Temporada de lluvias: monitoreo preventivo.
2026-09-29 17:39,P002103101,FLB Comas,1,1,Temporada de lluvias: monitoreo preventivo.
2026-09-29 17:39,P002101801,FLB Centro Civico,1,1,Temporada de lluvias: monitoreo preventivo.
2026-09-29 17:39,P002102001,FLB Lima Centro,1,1,Temporada de lluvias: monitoreo preventivo.
2026-09-29 17:39,EXPO-LIMA-CENTRO,FLB Expo Lima Centro,1,1,Temporada de lluvias: monitoreo preventivo.
2026-09-29 17:39,P002102601,FLB Angamos,1,1,Temporada de lluvias: monitoreo preventivo.
2026-09-29 17:39,P002100301,FLB Miraflores,1,1,Temporada de lluvias: monitoreo preventivo.
2026-09-29 17:39,P002101501,FLB Salaverry,1,1,Temporada de lluvias: monitoreo preventivo.
2026-09-29 17:39,P002100201,FLB Jockey Plaza,1,1,Temporada de lluvias: monitoreo preventivo.
2026-09-29 17:39,P002100101,FLB San Isidro,1,1,Temporada de lluvias: monitoreo preventivo.
2026-09-29 17:39,CORP-SAN-ISIDRO,Corporación San Isidro (oficinas),1,1,Temporada de lluvias: monitoreo preventivo.
2026-09-29 17:39,P002103801,FLB MOLINA,1,1,Temporada de lluvias: monitoreo preventivo.
2026-09-29 17:39,P002304029,FLB Exp Tacna,1,1,Temporada de lluvias: monitoreo preventivo.
2026-09-29 18:42,P002102201,FLB Piura Centro,1,1,Temporada de lluvias: monitoreo preventivo.
2026-09-29 18:42,P002102301,FLB Piura Mall Open,1,1,Temporada de lluvias: monitoreo preventivo.
2026-09-29 18:42,P002100601,FLB Chiclayo Mall,1,1,Temporada de lluvias: monitoreo preventivo.
2026-09-29 18:42,P002100701,FLB Trujillo CC,1,1,Temporada de lluvias: monitoreo preventivo.
2026-09-29 18:42,P002100801,FLB Chimbote,1,1,Temporada de lluvias: monitoreo preventivo.
2026-09-29 18:42,P002100901,FLB Cajamarca,2,2,Escenario de riesgo CENEPRED: distrito en riesgo alto por movimientos en masa.
2026-09-29 18:42,P002101401,FLB Canete MP,1,1,Temporada de lluvias: monitoreo preventivo.
2026-09-29 18:42,P002101201,FLB Ica Mall,1,1,Temporada de lluvias: monitoreo preventivo.
2026-09-29 18:42,P002102101,FLB Huancayo,1,1,Temporada de lluvias: monitoreo preventivo.
2026-09-29 18:42,P002103301,FLB Exp Huaraz,1,1,Temporada de lluvias: monitoreo preventivo.
2026-09-29 18:42,P002103501,FLB Exp.Ayacucho,1,1,Temporada de lluvias: monitoreo preventivo.
2026-09-29 18:42,P002102701,FLB Arequipa (Cayma),1,1,Temporada de lluvias: monitoreo preventivo.
2026-09-29 18:42,P002101001,FLB Porongoche,1,1,Temporada de lluvias: monitoreo preventivo.
2026-09-29 18:42,P002103201,FLB Cusco,1,1,Temporada de lluvias: monitoreo preventivo.
2026-09-29 18:42,P002102901,FLB Merced,1,1,Temporada de lluvias: monitoreo preventivo.
2026-09-29 18:42,P004101702,FLB Iquitos,2,2,Escenario de riesgo CENEPRED: distrito con exposición muy alta a inundaciones.
2026-09-29 18:42,P004101301,FLB Pucallpa,2,2,Escenario de riesgo CENEPRED: distrito con exposición muy alta a inundaciones.
2026-09-29 18:42,P004101601,FLB Huanuco Op,1,1,Temporada de lluvias: monitoreo preventivo.
2026-09-29 18:42,P004103901,FLB Tarapoto,2,2,Escenario de riesgo CENEPRED: distrito con exposición alta a inundaciones.
2026-09-29 18:42,CD-LURIN,CD Lurín,1,1,Temporada de lluvias: monitoreo preventivo.
2026-09-29 18:42,CD-VES,CD Villa El Salvador,1,1,Temporada de lluvias: monitoreo preventivo.
2026-09-29 18:42,P002100501,FLB Santa Anita,1,1,Temporada de lluvias: monitoreo preventivo.
2026-09-29 18:42,P002103001,FLB Puruchuco,1,1,Temporada de lluvias: monitoreo preventivo.
2026-09-29 18:42,P002100401,FLB Mega Plaza,1,1,Temporada de lluvias: monitoreo preventivo.
2026-09-29 18:42,P002101101,FLB Lima Norte (Plaza Norte),1,1,Temporada de lluvias: monitoreo preventivo.
2026-09-29 18:42,P002102401,FLB Bellavista,1,1,Temporada de lluvias: monitoreo preventivo.
2026-09-29 18:42,P002102801,FLB San Miguel,1,1,Temporada de lluvias: monitoreo preventivo.
2026-09-29 18:42,P002101901,FLB Mall del Sur,1,1,Temporada de lluvias: monitoreo preventivo.
2026-09-29 18:42,P002102501,FLB Atocongo,1,1,Temporada de lluvias: monitoreo preventivo.
2026-09-29 18:42,P002103101,FLB Comas,1,1,Temporada de lluvias: monitoreo preventivo.
2026-09-29 18:42,P002101801,FLB Centro Civico,1,1,Temporada de lluvias: monitoreo preventivo.
2026-09-29 18:42,P002102001,FLB Lima Centro,1,1,Temporada de lluvias: monitoreo preventivo.
2026-09-29 18:42,EXPO-LIMA-CENTRO,FLB Expo Lima Centro,1,1,Temporada de lluvias: monitoreo preventivo.
2026-09-29 18:42,P002102601,FLB Angamos,1,1,Temporada de lluvias: monitoreo preventivo.
2026-09-29 18:42,P002100301,FLB Miraflores,1,1,Temporada de lluvias: monitoreo preventivo.
2026-09-29 18:42,P002101501,FLB Salaverry,1,1,Temporada de lluvias: monitoreo preventivo.
2026-09-29 18:42,P002100201,FLB Jockey Plaza,1,1,Temporada de lluvias: monitoreo preventivo.
2026-09-29 18:42,P002100101,FLB San Isidro,1,1,Temporada de lluvias: monitoreo preventivo.
2026-09-29 18:42,CORP-SAN-ISIDRO,Corporación San Isidro (oficinas),1,1,Temporada de lluvias: monitoreo preventivo.
2026-09-29 18:42,P002103801,FLB MOLINA,1,1,Temporada de lluvias: monitoreo preventivo.
2026-09-29 18:42,P002304029,FLB Exp Tacna,1,1,Temporada de lluvias: monitoreo preventivo.
2026-09-30 00:30,P002102201,FLB Piura Centro,1,1,Temporada de lluvias: monitoreo preventivo.
2026-09-30 00:30,P002102301,FLB Piura Mall Open,1,1,Temporada de lluvias: monitoreo preventivo.
2026-09-30 00:30,P002100601,FLB Chiclayo Mall,1,1,Temporada de lluvias: monitoreo preventivo.
2026-09-30 00:30,P002100701,FLB Trujillo CC,1,1,Temporada de lluvias: monitoreo preventivo.
2026-09-30 00:30,P002100801,FLB Chimbote,1,1,Temporada de lluvias: monitoreo preventivo.
2026-09-30 00:30,P002100901,FLB Cajamarca,1,2,Temporada de lluvias: monitoreo preventivo.
2026-09-30 00:30,P002101401,FLB Canete MP,1,1,Temporada de lluvias: monitoreo preventivo.
2026-09-30 00:30,P002101201,FLB Ica Mall,1,1,Temporada de lluvias: monitoreo preventivo.
2026-09-30 00:30,P002102101,FLB Huancayo,1,1,Temporada de lluvias: monitoreo preventivo.
2026-09-30 00:30,P002103301,FLB Exp Huaraz,1,1,Temporada de lluvias: monitoreo preventivo.
2026-09-30 00:30,P002103501,FLB Exp.Ayacucho,1,1,Temporada de lluvias: monitoreo preventivo.
2026-09-30 00:30,P002102701,FLB Arequipa (Cayma),1,1,Temporada de lluvias: monitoreo preventivo.
2026-09-30 00:30,P002101001,FLB Porongoche,1,1,Temporada de lluvias: monitoreo preventivo.
2026-09-30 00:30,P002103201,FLB Cusco,1,1,Temporada de lluvias: monitoreo preventivo.
2026-09-30 00:30,P002102901,FLB Merced,1,1,Temporada de lluvias: monitoreo preventivo.
2026-09-30 00:30,P004101702,FLB Iquitos,2,2,Escenario de riesgo CENEPRED: distrito con exposición muy alta a inundaciones.
2026-09-30 00:30,P004101301,FLB Pucallpa,2,2,Escenario de riesgo CENEPRED: distrito con exposición muy alta a inundaciones.
2026-09-30 00:30,P004101601,FLB Huanuco Op,1,1,Temporada de lluvias: monitoreo preventivo.
2026-09-30 00:30,P004103901,FLB Tarapoto,2,2,Escenario de riesgo CENEPRED: distrito con exposición alta a inundaciones.
2026-09-30 00:30,CD-LURIN,CD Lurín,1,1,Temporada de lluvias: monitoreo preventivo.
2026-09-30 00:30,CD-VES,CD Villa El Salvador,1,1,Temporada de lluvias: monitoreo preventivo.
2026-09-30 00:30,P002100501,FLB Santa Anita,1,1,Temporada de lluvias: monitoreo preventivo.
2026-09-30 00:30,P002103001,FLB Puruchuco,1,1,Temporada de lluvias: monitoreo preventivo.
2026-09-30 00:30,P002100401,FLB Mega Plaza,1,1,Temporada de lluvias: monitoreo preventivo.
2026-09-30 00:30,P002101101,FLB Lima Norte (Plaza Norte),1,1,Temporada de lluvias: monitoreo preventivo.
2026-09-30 00:30,P002102401,FLB Bellavista,1,1,Temporada de lluvias: monitoreo preventivo.
2026-09-30 00:30,P002102801,FLB San Miguel,1,1,Temporada de lluvias: monitoreo preventivo.
2026-09-30 00:30,P002101901,FLB Mall del Sur,1,1,Temporada de lluvias: monitoreo preventivo.
2026-09-30 00:30,P002102501,FLB Atocongo,1,1,Temporada de lluvias: monitoreo preventivo.
2026-09-30 00:30,P002103101,FLB Comas,1,1,Temporada de lluvias: monitoreo preventivo.
2026-09-30 00:30,P002101801,FLB Centro Civico,1,1,Temporada de lluvias: monitoreo preventivo.
2026-09-30 00:30,P002102001,FLB Lima Centro,1,1,Temporada de lluvias: monitoreo preventivo.
2026-09-30 00:30,EXPO-LIMA-CENTRO,FLB Expo Lima Centro,1,1,Temporada de lluvias: monitoreo preventivo.
2026-09-30 00:30,P002102601,FLB Angamos,1,1,Temporada de lluvias: monitoreo preventivo.
2026-09-30 00:30,P002100301,FLB Miraflores,1,1,Temporada de lluvias: monitoreo preventivo.
2026-09-30 00:30,P002101501,FLB Salaverry,1,1,Temporada de lluvias: monitoreo preventivo.
2026-09-30 00:30,P002100201,FLB Jockey Plaza,1,1,Temporada de lluvias: monitoreo preventivo.
2026-09-30 00:30,P002100101,FLB San Isidro,1,1,Temporada de lluvias: monitoreo preventivo.
2026-09-30 00:30,CORP-SAN-ISIDRO,Corporación San Isidro (oficinas),1,1,Temporada de lluvias: monitoreo preventivo.
2026-09-30 00:30,P002103801,FLB MOLINA,1,1,Temporada de lluvias: monitoreo preventivo.
2026-09-30 00:30,P002304029,FLB Exp Tacna,1,1,Temporada de lluvias: monitoreo preventivo.
2026-09-30 07:32,P002102201,FLB Piura Centro,1,1,Temporada de lluvias: monitoreo preventivo.
2026-09-30 07:32,P002102301,FLB Piura Mall Open,1,1,Temporada de lluvias: monitoreo preventivo.
2026-09-30 07:32,P002100601,FLB Chiclayo Mall,1,1,Temporada de lluvias: monitoreo preventivo.
2026-09-30 07:32,P002100701,FLB Trujillo CC,1,1,Temporada de lluvias: monitoreo preventivo.
2026-09-30 07:32,P002100801,FLB Chimbote,1,1,Temporada de lluvias: monitoreo preventivo.
2026-09-30 07:32,P002100901,FLB Cajamarca,1,2,Temporada de lluvias: monitoreo preventivo.
2026-09-30 07:32,P002101401,FLB Canete MP,1,1,Temporada de lluvias: monitoreo preventivo.
2026-09-30 07:32,P002101201,FLB Ica Mall,1,1,Temporada de lluvias: monitoreo preventivo.
2026-09-30 07:32,P002102101,FLB Huancayo,1,1,Temporada de lluvias: monitoreo preventivo.
2026-09-30 07:32,P002103301,FLB Exp Huaraz,1,1,Temporada de lluvias: monitoreo preventivo.
2026-09-30 07:32,P002103501,FLB Exp.Ayacucho,1,1,Temporada de lluvias: monitoreo preventivo.
2026-09-30 07:32,P002102701,FLB Arequipa (Cayma),1,1,Temporada de lluvias: monitoreo preventivo.
2026-09-30 07:32,P002101001,FLB Porongoche,1,1,Temporada de lluvias: monitoreo preventivo.
2026-09-30 07:32,P002103201,FLB Cusco,1,1,Temporada de lluvias: monitoreo preventivo.
2026-09-30 07:32,P002102901,FLB Merced,1,1,Temporada de lluvias: monitoreo preventivo.
2026-09-30 07:32,P004101702,FLB Iquitos,2,2,Escenario de riesgo CENEPRED: distrito con exposición muy alta a inundaciones.
2026-09-30 07:32,P004101301,FLB Pucallpa,2,2,Escenario de riesgo CENEPRED: distrito con exposición muy alta a inundaciones.
2026-09-30 07:32,P004101601,FLB Huanuco Op,1,1,Temporada de lluvias: monitoreo preventivo.
2026-09-30 07:32,P004103901,FLB Tarapoto,2,2,Escenario de riesgo CENEPRED: distrito con exposición alta a inundaciones.
2026-09-30 07:32,CD-LURIN,CD Lurín,1,1,Temporada de lluvias: monitoreo preventivo.
2026-09-30 07:32,CD-VES,CD Villa El Salvador,1,1,Temporada de lluvias: monitoreo preventivo.
2026-09-30 07:32,P002100501,FLB Santa Anita,1,1,Temporada de lluvias: monitoreo preventivo.
2026-09-30 07:32,P002103001,FLB Puruchuco,1,1,Temporada de lluvias: monitoreo preventivo.
2026-09-30 07:32,P002100401,FLB Mega Plaza,1,1,Temporada de lluvias: monitoreo preventivo.
2026-09-30 07:32,P002101101,FLB Lima Norte (Plaza Norte),1,1,Temporada de lluvias: monitoreo preventivo.
2026-09-30 07:32,P002102401,FLB Bellavista,1,1,Temporada de lluvias: monitoreo preventivo.
2026-09-30 07:32,P002102801,FLB San Miguel,1,1,Temporada de lluvias: monitoreo preventivo.
2026-09-30 07:32,P002101901,FLB Mall del Sur,1,1,Temporada de lluvias: monitoreo preventivo.
2026-09-30 07:32,P002102501,FLB Atocongo,1,1,Temporada de lluvias: monitoreo preventivo.
2026-09-30 07:32,P002103101,FLB Comas,1,1,Temporada de lluvias: monitoreo preventivo.
2026-09-30 07:32,P002101801,FLB Centro Civico,1,1,Temporada de lluvias: monitoreo preventivo.
2026-09-30 07:32,P002102001,FLB Lima Centro,1,1,Temporada de lluvias: monitoreo preventivo.
2026-09-30 07:32,EXPO-LIMA-CENTRO,FLB Expo Lima Centro,1,1,Temporada de lluvias: monitoreo preventivo.
2026-09-30 07:32,P002102601,FLB Angamos,1,1,Temporada de lluvias: monitoreo preventivo.
2026-09-30 07:32,P002100301,FLB Miraflores,1,1,Temporada de lluvias: monitoreo preventivo.
2026-09-30 07:32,P002101501,FLB Salaverry,1,1,Temporada de lluvias: monitoreo preventivo.
2026-09-30 07:32,P002100201,FLB Jockey Plaza,1,1,Temporada de lluvias: monitoreo preventivo.
2026-09-30 07:32,P002100101,FLB San Isidro,1,1,Temporada de lluvias: monitoreo preventivo.
2026-09-30 07:32,CORP-SAN-ISIDRO,Corporación San Isidro (oficinas),1,1,Temporada de lluvias: monitoreo preventivo.
2026-09-30 07:32,P002103801,FLB MOLINA,1,1,Temporada de lluvias: monitoreo preventivo.
2026-09-30 07:32,P002304029,FLB Exp Tacna,1,1,Temporada de lluvias: monitoreo preventivo.
2026-09-30 09:40,P002102201,FLB Piura Centro,1,1,Temporada de lluvias: monitoreo preventivo.
2026-09-30 09:40,P002102301,FLB Piura Mall Open,1,1,Temporada de lluvias: monitoreo preventivo.
2026-09-30 09:40,P002100601,FLB Chiclayo Mall,1,1,Temporada de lluvias: monitoreo preventivo.
2026-09-30 09:40,P002100701,FLB Trujillo CC,1,1,Temporada de lluvias: monitoreo preventivo.
2026-09-30 09:40,P002100801,FLB Chimbote,1,1,Temporada de lluvias: monitoreo preventivo.
2026-09-30 09:40,P002100901,FLB Cajamarca,1,2,Temporada de lluvias: monitoreo preventivo.
2026-09-30 09:40,P002101401,FLB Canete MP,1,1,Temporada de lluvias: monitoreo preventivo.
2026-09-30 09:40,P002101201,FLB Ica Mall,1,1,Temporada de lluvias: monitoreo preventivo.
2026-09-30 09:40,P002102101,FLB Huancayo,1,1,Temporada de lluvias: monitoreo preventivo.
2026-09-30 09:40,P002103301,FLB Exp Huaraz,1,1,Temporada de lluvias: monitoreo preventivo.
2026-09-30 09:40,P002103501,FLB Exp.Ayacucho,1,1,Temporada de lluvias: monitoreo preventivo.
2026-09-30 09:40,P002102701,FLB Arequipa (Cayma),1,1,Temporada de lluvias: monitoreo preventivo.
2026-09-30 09:40,P002101001,FLB Porongoche,1,1,Temporada de lluvias: monitoreo preventivo.
2026-09-30 09:40,P002103201,FLB Cusco,1,1,Temporada de lluvias: monitoreo preventivo.
2026-09-30 09:40,P002102901,FLB Merced,1,1,Temporada de lluvias: monitoreo preventivo.
2026-09-30 09:40,P004101702,FLB Iquitos,2,2,Escenario de riesgo CENEPRED: distrito con exposición muy alta a inundaciones.
2026-09-30 09:40,P004101301,FLB Pucallpa,2,2,Escenario de riesgo CENEPRED: distrito con exposición muy alta a inundaciones.
2026-09-30 09:40,P004101601,FLB Huanuco Op,1,1,Temporada de lluvias: monitoreo preventivo.
2026-09-30 09:40,P004103901,FLB Tarapoto,2,2,Escenario de riesgo CENEPRED: distrito con exposición alta a inundaciones.
2026-09-30 09:40,CD-LURIN,CD Lurín,1,1,Temporada de lluvias: monitoreo preventivo.
2026-09-30 09:40,CD-VES,CD Villa El Salvador,1,1,Temporada de lluvias: monitoreo preventivo.
2026-09-30 09:40,P002100501,FLB Santa Anita,1,1,Temporada de lluvias: monitoreo preventivo.
2026-09-30 09:40,P002103001,FLB Puruchuco,1,1,Temporada de lluvias: monitoreo preventivo.
2026-09-30 09:40,P002100401,FLB Mega Plaza,1,1,Temporada de lluvias: monitoreo preventivo.
2026-09-30 09:40,P002101101,FLB Lima Norte (Plaza Norte),1,1,Temporada de lluvias: monitoreo preventivo.
2026-09-30 09:40,P002102401,FLB Bellavista,1,1,Temporada de lluvias: monitoreo preventivo.
2026-09-30 09:40,P002102801,FLB San Miguel,1,1,Temporada de lluvias: monitoreo preventivo.
2026-09-30 09:40,P002101901,FLB Mall del Sur,1,1,Temporada de lluvias: monitoreo preventivo.
2026-09-30 09:40,P002102501,FLB Atocongo,1,1,Temporada de lluvias: monitoreo preventivo.
2026-09-30 09:40,P002103101,FLB Comas,1,1,Temporada de lluvias: monitoreo preventivo.
2026-09-30 09:40,P002101801,FLB Centro Civico,1,1,Temporada de lluvias: monitoreo preventivo.
2026-09-30 09:40,P002102001,FLB Lima Centro,1,1,Temporada de lluvias: monitoreo preventivo.
2026-09-30 09:40,EXPO-LIMA-CENTRO,FLB Expo Lima Centro,1,1,Temporada de lluvias: monitoreo preventivo.
2026-09-30 09:40,P002102601,FLB Angamos,1,1,Temporada de lluvias: monitoreo preventivo.
2026-09-30 09:40,P002100301,FLB Miraflores,1,1,Temporada de lluvias: monitoreo preventivo.
2026-09-30 09:40,P002101501,FLB Salaverry,1,1,Temporada de lluvias: monitoreo preventivo.
2026-09-30 09:40,P002100201,FLB Jockey Plaza,1,1,Temporada de lluvias: monitoreo preventivo.
2026-09-30 09:40,P002100101,FLB San Isidro,1,1,Temporada de lluvias: monitoreo preventivo.
2026-09-30 09:40,CORP-SAN-ISIDRO,Corporación San Isidro (oficinas),1,1,Temporada de lluvias: monitoreo preventivo.
2026-09-30 09:40,P002103801,FLB MOLINA,1,1,Temporada de lluvias: monitoreo preventivo.
2026-09-30 09:40,P002304029,FLB Exp Tacna,1,1,Temporada de lluvias: monitoreo preventivo.
2026-09-30 13:26,P002102201,FLB Piura Centro,1,1,Temporada de lluvias: monitoreo preventivo.
2026-09-30 13:26,P002102301,FLB Piura Mall Open,1,1,Temporada de lluvias: monitoreo preventivo.
2026-09-30 13:26,P002100601,FLB Chiclayo Mall,1,1,Temporada de lluvias: monitoreo preventivo.
2026-09-30 13:26,P002100701,FLB Trujillo CC,1,1,Temporada de lluvias: monitoreo preventivo.
2026-09-30 13:26,P002100801,FLB Chimbote,1,1,Temporada de lluvias: monitoreo preventivo.
2026-09-30 13:26,P002100901,FLB Cajamarca,1,2,Temporada de lluvias: monitoreo preventivo.
2026-09-30 13:26,P002101401,FLB Canete MP,1,1,Temporada de lluvias: monitoreo preventivo.
2026-09-30 13:26,P002101201,FLB Ica Mall,1,1,Temporada de lluvias: monitoreo preventivo.
2026-09-30 13:26,P002102101,FLB Huancayo,1,1,Temporada de lluvias: monitoreo preventivo.
2026-09-30 13:26,P002103301,FLB Exp Huaraz,1,1,Temporada de lluvias: monitoreo preventivo.
2026-09-30 13:26,P002103501,FLB Exp.Ayacucho,1,1,Temporada de lluvias: monitoreo preventivo.
2026-09-30 13:26,P002102701,FLB Arequipa (Cayma),1,1,Temporada de lluvias: monitoreo preventivo.
2026-09-30 13:26,P002101001,FLB Porongoche,1,1,Temporada de lluvias: monitoreo preventivo.
2026-09-30 13:26,P002103201,FLB Cusco,1,1,Temporada de lluvias: monitoreo preventivo.
2026-09-30 13:26,P002102901,FLB Merced,1,1,Temporada de lluvias: monitoreo preventivo.
2026-09-30 13:26,P004101702,FLB Iquitos,2,2,Escenario de riesgo CENEPRED: distrito con exposición muy alta a inundaciones.
2026-09-30 13:26,P004101301,FLB Pucallpa,2,2,Escenario de riesgo CENEPRED: distrito con exposición muy alta a inundaciones.
2026-09-30 13:26,P004101601,FLB Huanuco Op,1,1,Temporada de lluvias: monitoreo preventivo.
2026-09-30 13:26,P004103901,FLB Tarapoto,2,2,Escenario de riesgo CENEPRED: distrito con exposición alta a inundaciones.
2026-09-30 13:26,CD-LURIN,CD Lurín,1,1,Temporada de lluvias: monitoreo preventivo.
2026-09-30 13:26,CD-VES,CD Villa El Salvador,1,1,Temporada de lluvias: monitoreo preventivo.
2026-09-30 13:26,P002100501,FLB Santa Anita,1,1,Temporada de lluvias: monitoreo preventivo.
2026-09-30 13:26,P002103001,FLB Puruchuco,1,1,Temporada de lluvias: monitoreo preventivo.
2026-09-30 13:26,P002100401,FLB Mega Plaza,1,1,Temporada de lluvias: monitoreo preventivo.
2026-09-30 13:26,P002101101,FLB Lima Norte (Plaza Norte),1,1,Temporada de lluvias: monitoreo preventivo.
2026-09-30 13:26,P002102401,FLB Bellavista,1,1,Temporada de lluvias: monitoreo preventivo.
2026-09-30 13:26,P002102801,FLB San Miguel,1,1,Temporada de lluvias: monitoreo preventivo.
2026-09-30 13:26,P002101901,FLB Mall del Sur,1,1,Temporada de lluvias: monitoreo preventivo.
2026-09-30 13:26,P002102501,FLB Atocongo,1,1,Temporada de lluvias: monitoreo preventivo.
2026-09-30 13:26,P002103101,FLB Comas,1,1,Temporada de lluvias: monitoreo preventivo.
2026-09-30 13:26,P002101801,FLB Centro Civico,1,1,Temporada de lluvias: monitoreo preventivo.
2026-09-30 13:26,P002102001,FLB Lima Centro,1,1,Temporada de lluvias: monitoreo preventivo.
2026-09-30 13:26,EXPO-LIMA-CENTRO,FLB Expo Lima Centro,1,1,Temporada de lluvias: monitoreo preventivo.
2026-09-30 13:26,P002102601,FLB Angamos,1,1,Temporada de lluvias: monitoreo preventivo.
2026-09-30 13:26,P002100301,FLB Miraflores,1,1,Temporada de lluvias: monitoreo preventivo.
2026-09-30 13:26,P002101501,FLB Salaverry,1,1,Temporada de lluvias: monitoreo preventivo.
2026-09-30 13:26,P002100201,FLB Jockey Plaza,1,1,Temporada de lluvias: monitoreo preventivo.
2026-09-30 13:26,P002100101,FLB San Isidro,1,1,Temporada de lluvias: monitoreo preventivo.
2026-09-30 13:26,CORP-SAN-ISIDRO,Corporación San Isidro (oficinas),1,1,Temporada de lluvias: monitoreo preventivo.
2026-09-30 13:26,P002103801,FLB MOLINA,1,1,Temporada de lluvias: monitoreo preventivo.
2026-09-30 13:26,P002304029,FLB Exp Tacna,1,1,Temporada de lluvias: monitoreo preventivo.
2026-09-30 18:00,P002102201,FLB Piura Centro,1,1,Temporada de lluvias: monitoreo preventivo.
2026-09-30 18:00,P002102301,FLB Piura Mall Open,1,1,Temporada de lluvias: monitoreo preventivo.
2026-09-30 18:00,P002100601,FLB Chiclayo Mall,1,1,Temporada de lluvias: monitoreo preventivo.
2026-09-30 18:00,P002100701,FLB Trujillo CC,1,1,Temporada de lluvias: monitoreo preventivo.
2026-09-30 18:00,P002100801,FLB Chimbote,1,1,Temporada de lluvias: monitoreo preventivo.
2026-09-30 18:00,P002100901,FLB Cajamarca,1,2,Temporada de lluvias: monitoreo preventivo.
2026-09-30 18:00,P002101401,FLB Canete MP,1,1,Temporada de lluvias: monitoreo preventivo.
2026-09-30 18:00,P002101201,FLB Ica Mall,1,1,Temporada de lluvias: monitoreo preventivo.
2026-09-30 18:00,P002102101,FLB Huancayo,1,1,Temporada de lluvias: monitoreo preventivo.
2026-09-30 18:00,P002103301,FLB Exp Huaraz,1,1,Temporada de lluvias: monitoreo preventivo.
2026-09-30 18:00,P002103501,FLB Exp.Ayacucho,1,1,Temporada de lluvias: monitoreo preventivo.
2026-09-30 18:00,P002102701,FLB Arequipa (Cayma),1,1,Temporada de lluvias: monitoreo preventivo.
2026-09-30 18:00,P002101001,FLB Porongoche,1,1,Temporada de lluvias: monitoreo preventivo.
2026-09-30 18:00,P002103201,FLB Cusco,1,1,Temporada de lluvias: monitoreo preventivo.
2026-09-30 18:00,P002102901,FLB Merced,1,1,Temporada de lluvias: monitoreo preventivo.
2026-09-30 18:00,P004101702,FLB Iquitos,2,2,Escenario de riesgo CENEPRED: distrito con exposición muy alta a inundaciones.
2026-09-30 18:00,P004101301,FLB Pucallpa,2,2,Escenario de riesgo CENEPRED: distrito con exposición muy alta a inundaciones.
2026-09-30 18:00,P004101601,FLB Huanuco Op,1,1,Temporada de lluvias: monitoreo preventivo.
2026-09-30 18:00,P004103901,FLB Tarapoto,2,2,Escenario de riesgo CENEPRED: distrito con exposición alta a inundaciones.
2026-09-30 18:00,CD-LURIN,CD Lurín,1,1,Temporada de lluvias: monitoreo preventivo.
2026-09-30 18:00,CD-VES,CD Villa El Salvador,1,1,Temporada de lluvias: monitoreo preventivo.
2026-09-30 18:00,P002100501,FLB Santa Anita,1,1,Temporada de lluvias: monitoreo preventivo.
2026-09-30 18:00,P002103001,FLB Puruchuco,1,1,Temporada de lluvias: monitoreo preventivo.
2026-09-30 18:00,P002100401,FLB Mega Plaza,1,1,Temporada de lluvias: monitoreo preventivo.
2026-09-30 18:00,P002101101,FLB Lima Norte (Plaza Norte),1,1,Temporada de lluvias: monitoreo preventivo.
2026-09-30 18:00,P002102401,FLB Bellavista,1,1,Temporada de lluvias: monitoreo preventivo.
2026-09-30 18:00,P002102801,FLB San Miguel,1,1,Temporada de lluvias: monitoreo preventivo.
2026-09-30 18:00,P002101901,FLB Mall del Sur,1,1,Temporada de lluvias: monitoreo preventivo.
2026-09-30 18:00,P002102501,FLB Atocongo,1,1,Temporada de lluvias: monitoreo preventivo.
2026-09-30 18:00,P002103101,FLB Comas,1,1,Temporada de lluvias: monitoreo preventivo.
2026-09-30 18:00,P002101801,FLB Centro Civico,1,1,Temporada de lluvias: monitoreo preventivo.
2026-09-30 18:00,P002102001,FLB Lima Centro,1,1,Temporada de lluvias: monitoreo preventivo.
2026-09-30 18:00,EXPO-LIMA-CENTRO,FLB Expo Lima Centro,1,1,Temporada de lluvias: monitoreo preventivo.
2026-09-30 18:00,P002102601,FLB Angamos,1,1,Temporada de lluvias: monitoreo preventivo.
2026-09-30 18:00,P002100301,FLB Miraflores,1,1,Temporada de lluvias: monitoreo preventivo.
2026-09-30 18:00,P002101501,FLB Salaverry,1,1,Temporada de lluvias: monitoreo preventivo.
2026-09-30 18:00,P002100201,FLB Jockey Plaza,1,1,Temporada de lluvias: monitoreo preventivo.
2026-09-30 18:00,P002100101,FLB San Isidro,1,1,Temporada de lluvias: monitoreo preventivo.
2026-09-30 18:00,CORP-SAN-ISIDRO,Corporación San Isidro (oficinas),1,1,Temporada de lluvias: monitoreo preventivo.
2026-09-30 18:00,P002103801,FLB MOLINA,1,1,Temporada de lluvias: monitoreo preventivo.
2026-09-30 18:00,P002304029,FLB Exp Tacna,1,1,Temporada de lluvias: monitoreo preventivo.
2026-09-30 20:45,P002102201,FLB Piura Centro,1,1,Temporada de lluvias: monitoreo preventivo.
2026-09-30 20:45,P002102301,FLB Piura Mall Open,1,1,Temporada de lluvias: monitoreo preventivo.
2026-09-30 20:45,P002100601,FLB Chiclayo Mall,1,1,Temporada de lluvias: monitoreo preventivo.
2026-09-30 20:45,P002100701,FLB Trujillo CC,1,1,Temporada de lluvias: monitoreo preventivo.
2026-09-30 20:45,P002100801,FLB Chimbote,1,1,Temporada de lluvias: monitoreo preventivo.
2026-09-30 20:45,P002100901,FLB Cajamarca,1,1,Temporada de lluvias: monitoreo preventivo.
2026-09-30 20:45,P002101401,FLB Canete MP,1,1,Temporada de lluvias: monitoreo preventivo.
2026-09-30 20:45,P002101201,FLB Ica Mall,1,1,Temporada de lluvias: monitoreo preventivo.
2026-09-30 20:45,P002102101,FLB Huancayo,1,1,Temporada de lluvias: monitoreo preventivo.
2026-09-30 20:45,P002103301,FLB Exp Huaraz,1,1,Temporada de lluvias: monitoreo preventivo.
2026-09-30 20:45,P002103501,FLB Exp.Ayacucho,1,1,Temporada de lluvias: monitoreo preventivo.
2026-09-30 20:45,P002102701,FLB Arequipa (Cayma),1,1,Temporada de lluvias: monitoreo preventivo.
2026-09-30 20:45,P002101001,FLB Porongoche,1,1,Temporada de lluvias: monitoreo preventivo.
2026-09-30 20:45,P002103201,FLB Cusco,1,1,Temporada de lluvias: monitoreo preventivo.
2026-09-30 20:45,P002102901,FLB Merced,1,1,Temporada de lluvias: monitoreo preventivo.
2026-09-30 20:45,P004101702,FLB Iquitos,2,2,Escenario de riesgo CENEPRED: distrito con exposición muy alta a inundaciones.
2026-09-30 20:45,P004101301,FLB Pucallpa,2,2,Escenario de riesgo CENEPRED: distrito con exposición muy alta a inundaciones.
2026-09-30 20:45,P004101601,FLB Huanuco Op,1,1,Temporada de lluvias: monitoreo preventivo.
2026-09-30 20:45,P004103901,FLB Tarapoto,2,2,Escenario de riesgo CENEPRED: distrito con exposición alta a inundaciones.
2026-09-30 20:45,CD-LURIN,CD Lurín,1,1,Temporada de lluvias: monitoreo preventivo.
2026-09-30 20:45,CD-VES,CD Villa El Salvador,1,1,Temporada de lluvias: monitoreo preventivo.
2026-09-30 20:45,P002100501,FLB Santa Anita,1,1,Temporada de lluvias: monitoreo preventivo.
2026-09-30 20:45,P002103001,FLB Puruchuco,1,1,Temporada de lluvias: monitoreo preventivo.
2026-09-30 20:45,P002100401,FLB Mega Plaza,1,1,Temporada de lluvias: monitoreo preventivo.
2026-09-30 20:45,P002101101,FLB Lima Norte (Plaza Norte),1,1,Temporada de lluvias: monitoreo preventivo.
2026-09-30 20:45,P002102401,FLB Bellavista,1,1,Temporada de lluvias: monitoreo preventivo.
2026-09-30 20:45,P002102801,FLB San Miguel,1,1,Temporada de lluvias: monitoreo preventivo.
2026-09-30 20:45,P002101901,FLB Mall del Sur,1,1,Temporada de lluvias: monitoreo preventivo.
2026-09-30 20:45,P002102501,FLB Atocongo,1,1,Temporada de lluvias: monitoreo preventivo.
2026-09-30 20:45,P002103101,FLB Comas,1,1,Temporada de lluvias: monitoreo preventivo.
2026-09-30 20:45,P002101801,FLB Centro Civico,1,1,Temporada de lluvias: monitoreo preventivo.
2026-09-30 20:45,P002102001,FLB Lima Centro,1,1,Temporada de lluvias: monitoreo preventivo.
2026-09-30 20:45,EXPO-LIMA-CENTRO,FLB Expo Lima Centro,1,1,Temporada de lluvias: monitoreo preventivo.
2026-09-30 20:45,P002102601,FLB Angamos,1,1,Temporada de lluvias: monitoreo preventivo.
2026-09-30 20:45,P002100301,FLB Miraflores,1,1,Temporada de lluvias: monitoreo preventivo.
2026-09-30 20:45,P002101501,FLB Salaverry,1,1,Temporada de lluvias: monitoreo preventivo.
2026-09-30 20:45,P002100201,FLB Jockey Plaza,1,1,Temporada de lluvias: monitoreo preventivo.
2026-09-30 20:45,P002100101,FLB San Isidro,1,1,Temporada de lluvias: monitoreo preventivo.
2026-09-30 20:45,CORP-SAN-ISIDRO,Corporación San Isidro (oficinas),1,1,Temporada de lluvias: monitoreo preventivo.
2026-09-30 20:45,P002103801,FLB MOLINA,1,1,Temporada de lluvias: monitoreo preventivo.
2026-09-30 20:45,P002304029,FLB Exp Tacna,1,1,Temporada de lluvias: monitoreo preventivo.
2026-09-30 21:08,P002102201,FLB Piura Centro,1,1,Temporada de lluvias: monitoreo preventivo.
2026-09-30 21:08,P002102301,FLB Piura Mall Open,1,1,Temporada de lluvias: monitoreo preventivo.
2026-09-30 21:08,P002100601,FLB Chiclayo Mall,1,1,Temporada de lluvias: monitoreo preventivo.
2026-09-30 21:08,P002100701,FLB Trujillo CC,1,1,Temporada de lluvias: monitoreo preventivo.
2026-09-30 21:08,P002100801,FLB Chimbote,1,1,Temporada de lluvias: monitoreo preventivo.
2026-09-30 21:08,P002100901,FLB Cajamarca,1,1,Temporada de lluvias: monitoreo preventivo.
2026-09-30 21:08,P002101401,FLB Canete MP,1,1,Temporada de lluvias: monitoreo preventivo.
2026-09-30 21:08,P002101201,FLB Ica Mall,1,1,Temporada de lluvias: monitoreo preventivo.
2026-09-30 21:08,P002102101,FLB Huancayo,1,1,Temporada de lluvias: monitoreo preventivo.
2026-09-30 21:08,P002103301,FLB Exp Huaraz,1,1,Temporada de lluvias: monitoreo preventivo.
2026-09-30 21:08,P002103501,FLB Exp.Ayacucho,1,1,Temporada de lluvias: monitoreo preventivo.
2026-09-30 21:08,P002102701,FLB Arequipa (Cayma),1,1,Temporada de lluvias: monitoreo preventivo.
2026-09-30 21:08,P002101001,FLB Porongoche,1,1,Temporada de lluvias: monitoreo preventivo.
2026-09-30 21:08,P002103201,FLB Cusco,1,1,Temporada de lluvias: monitoreo preventivo.
2026-09-30 21:08,P002102901,FLB Merced,1,1,Temporada de lluvias: monitoreo preventivo.
2026-09-30 21:08,P004101702,FLB Iquitos,2,2,Escenario de riesgo CENEPRED: distrito con exposición muy alta a inundaciones.
2026-09-30 21:08,P004101301,FLB Pucallpa,2,2,Escenario de riesgo CENEPRED: distrito con exposición muy alta a inundaciones.
2026-09-30 21:08,P004101601,FLB Huanuco Op,1,1,Temporada de lluvias: monitoreo preventivo.
2026-09-30 21:08,P004103901,FLB Tarapoto,2,2,Escenario de riesgo CENEPRED: distrito con exposición alta a inundaciones.
2026-09-30 21:08,CD-LURIN,CD Lurín,1,1,Temporada de lluvias: monitoreo preventivo.
2026-09-30 21:08,CD-VES,CD Villa El Salvador,1,1,Temporada de lluvias: monitoreo preventivo.
2026-09-30 21:08,P002100501,FLB Santa Anita,1,1,Temporada de lluvias: monitoreo preventivo.
2026-09-30 21:08,P002103001,FLB Puruchuco,1,1,Temporada de lluvias: monitoreo preventivo.
2026-09-30 21:08,P002100401,FLB Mega Plaza,1,1,Temporada de lluvias: monitoreo preventivo.
2026-09-30 21:08,P002101101,FLB Lima Norte (Plaza Norte),1,1,Temporada de lluvias: monitoreo preventivo.
2026-09-30 21:08,P002102401,FLB Bellavista,1,1,Temporada de lluvias: monitoreo preventivo.
2026-09-30 21:08,P002102801,FLB San Miguel,1,1,Temporada de lluvias: monitoreo preventivo.
2026-09-30 21:08,P002101901,FLB Mall del Sur,1,1,Temporada de lluvias: monitoreo preventivo.
2026-09-30 21:08,P002102501,FLB Atocongo,1,1,Temporada de lluvias: monitoreo preventivo.
2026-09-30 21:08,P002103101,FLB Comas,1,1,Temporada de lluvias: monitoreo preventivo.
2026-09-30 21:08,P002101801,FLB Centro Civico,1,1,Temporada de lluvias: monitoreo preventivo.
2026-09-30 21:08,P002102001,FLB Lima Centro,1,1,Temporada de lluvias: monitoreo preventivo.
2026-09-30 21:08,EXPO-LIMA-CENTRO,FLB Expo Lima Centro,1,1,Temporada de lluvias: monitoreo preventivo.
2026-09-30 21:08,P002102601,FLB Angamos,1,1,Temporada de lluvias: monitoreo preventivo.
2026-09-30 21:08,P002100301,FLB Miraflores,1,1,Temporada de lluvias: monitoreo preventivo.
2026-09-30 21:08,P002101501,FLB Salaverry,1,1,Temporada de lluvias: monitoreo preventivo.
2026-09-30 21:08,P002100201,FLB Jockey Plaza,1,1,Temporada de lluvias: monitoreo preventivo.
2026-09-30 21:08,P002100101,FLB San Isidro,1,1,Temporada de lluvias: monitoreo preventivo.
2026-09-30 21:08,CORP-SAN-ISIDRO,Corporación San Isidro (oficinas),1,1,Temporada de lluvias: monitoreo preventivo.
2026-09-30 21:08,P002103801,FLB MOLINA,1,1,Temporada de lluvias: monitoreo preventivo.
2026-09-30 21:08,P002304029,FLB Exp Tacna,1,1,Temporada de lluvias: monitoreo preventivo.
2026-09-30 21:26,P002102201,FLB Piura Centro,1,1,Temporada de lluvias: monitoreo preventivo.
2026-09-30 21:26,P002102301,FLB Piura Mall Open,1,1,Temporada de lluvias: monitoreo preventivo.
2026-09-30 21:26,P002100601,FLB Chiclayo Mall,1,1,Temporada de lluvias: monitoreo preventivo.
2026-09-30 21:26,P002100701,FLB Trujillo CC,1,1,Temporada de lluvias: monitoreo preventivo.
2026-09-30 21:26,P002100801,FLB Chimbote,1,1,Temporada de lluvias: monitoreo preventivo.
2026-09-30 21:26,P002100901,FLB Cajamarca,1,1,Temporada de lluvias: monitoreo preventivo.
2026-09-30 21:26,P002101401,FLB Canete MP,1,1,Temporada de lluvias: monitoreo preventivo.
2026-09-30 21:26,P002101201,FLB Ica Mall,1,1,Temporada de lluvias: monitoreo preventivo.
2026-09-30 21:26,P002102101,FLB Huancayo,1,1,Temporada de lluvias: monitoreo preventivo.
2026-09-30 21:26,P002103301,FLB Exp Huaraz,1,1,Temporada de lluvias: monitoreo preventivo.
2026-09-30 21:26,P002103501,FLB Exp.Ayacucho,1,1,Temporada de lluvias: monitoreo preventivo.
2026-09-30 21:26,P002102701,FLB Arequipa (Cayma),1,1,Temporada de lluvias: monitoreo preventivo.
2026-09-30 21:26,P002101001,FLB Porongoche,1,1,Temporada de lluvias: monitoreo preventivo.
2026-09-30 21:26,P002103201,FLB Cusco,1,1,Temporada de lluvias: monitoreo preventivo.
2026-09-30 21:26,P002102901,FLB Merced,1,1,Temporada de lluvias: monitoreo preventivo.
2026-09-30 21:26,P004101702,FLB Iquitos,2,2,Escenario de riesgo CENEPRED: distrito con exposición muy alta a inundaciones.
2026-09-30 21:26,P004101301,FLB Pucallpa,2,2,Escenario de riesgo CENEPRED: distrito con exposición muy alta a inundaciones.
2026-09-30 21:26,P004101601,FLB Huanuco Op,1,1,Temporada de lluvias: monitoreo preventivo.
2026-09-30 21:26,P004103901,FLB Tarapoto,2,2,Escenario de riesgo CENEPRED: distrito con exposición alta a inundaciones.
2026-09-30 21:26,CD-LURIN,CD Lurín,1,1,Temporada de lluvias: monitoreo preventivo.
2026-09-30 21:26,CD-VES,CD Villa El Salvador,1,1,Temporada de lluvias: monitoreo preventivo.
2026-09-30 21:26,P002100501,FLB Santa Anita,1,1,Temporada de lluvias: monitoreo preventivo.
2026-09-30 21:26,P002103001,FLB Puruchuco,1,1,Temporada de lluvias: monitoreo preventivo.
2026-09-30 21:26,P002100401,FLB Mega Plaza,1,1,Temporada de lluvias: monitoreo preventivo.
2026-09-30 21:26,P002101101,FLB Lima Norte (Plaza Norte),1,1,Temporada de lluvias: monitoreo preventivo.
2026-09-30 21:26,P002102401,FLB Bellavista,1,1,Temporada de lluvias: monitoreo preventivo.
2026-09-30 21:26,P002102801,FLB San Miguel,1,1,Temporada de lluvias: monitoreo preventivo.
2026-09-30 21:26,P002101901,FLB Mall del Sur,1,1,Temporada de lluvias: monitoreo preventivo.
2026-09-30 21:26,P002102501,FLB Atocongo,1,1,Temporada de lluvias: monitoreo preventivo.
2026-09-30 21:26,P002103101,FLB Comas,1,1,Temporada de lluvias: monitoreo preventivo.
2026-09-30 21:26,P002101801,FLB Centro Civico,1,1,Temporada de lluvias: monitoreo preventivo.
2026-09-30 21:26,P002102001,FLB Lima Centro,1,1,Temporada de lluvias: monitoreo preventivo.
2026-09-30 21:26,EXPO-LIMA-CENTRO,FLB Expo Lima Centro,1,1,Temporada de lluvias: monitoreo preventivo.
2026-09-30 21:26,P002102601,FLB Angamos,1,1,Temporada de lluvias: monitoreo preventivo.
2026-09-30 21:26,P002100301,FLB Miraflores,1,1,Temporada de lluvias: monitoreo preventivo.
2026-09-30 21:26,P002101501,FLB Salaverry,1,1,Temporada de lluvias: monitoreo preventivo.
2026-09-30 21:26,P002100201,FLB Jockey Plaza,1,1,Temporada de lluvias: monitoreo preventivo.
2026-09-30 21:26,P002100101,FLB San Isidro,1,1,Temporada de lluvias: monitoreo preventivo.
2026-09-30 21:26,CORP-SAN-ISIDRO,Corporación San Isidro (oficinas),1,1,Temporada de lluvias: monitoreo preventivo.
2026-09-30 21:26,P002103801,FLB MOLINA,1,1,Temporada de lluvias: monitoreo preventivo.
2026-09-30 21:26,P002304029,FLB Exp Tacna,1,1,Temporada de lluvias: monitoreo preventivo.
2026-09-30 21:34,P002102201,FLB Piura Centro,1,1,Temporada de lluvias: monitoreo preventivo.
2026-09-30 21:34,P002102301,FLB Piura Mall Open,1,1,Temporada de lluvias: monitoreo preventivo.
2026-09-30 21:34,P002100601,FLB Chiclayo Mall,1,1,Temporada de lluvias: monitoreo preventivo.
2026-09-30 21:34,P002100701,FLB Trujillo CC,1,1,Temporada de lluvias: monitoreo preventivo.
2026-09-30 21:34,P002100801,FLB Chimbote,1,1,Temporada de lluvias: monitoreo preventivo.
2026-09-30 21:34,P002100901,FLB Cajamarca,1,1,Temporada de lluvias: monitoreo preventivo.
2026-09-30 21:34,P002101401,FLB Canete MP,1,1,Temporada de lluvias: monitoreo preventivo.
2026-09-30 21:34,P002101201,FLB Ica Mall,1,1,Temporada de lluvias: monitoreo preventivo.
2026-09-30 21:34,P002102101,FLB Huancayo,1,1,Temporada de lluvias: monitoreo preventivo.
2026-09-30 21:34,P002103301,FLB Exp Huaraz,1,1,Temporada de lluvias: monitoreo preventivo.
2026-09-30 21:34,P002103501,FLB Exp.Ayacucho,1,1,Temporada de lluvias: monitoreo preventivo.
2026-09-30 21:34,P002102701,FLB Arequipa (Cayma),1,1,Temporada de lluvias: monitoreo preventivo.
2026-09-30 21:34,P002101001,FLB Porongoche,1,1,Temporada de lluvias: monitoreo preventivo.
2026-09-30 21:34,P002103201,FLB Cusco,1,1,Temporada de lluvias: monitoreo preventivo.
2026-09-30 21:34,P002102901,FLB Merced,1,1,Temporada de lluvias: monitoreo preventivo.
2026-09-30 21:34,P004101702,FLB Iquitos,2,2,Escenario de riesgo CENEPRED: distrito con exposición muy alta a inundaciones.
2026-09-30 21:34,P004101301,FLB Pucallpa,2,2,Escenario de riesgo CENEPRED: distrito con exposición muy alta a inundaciones.
2026-09-30 21:34,P004101601,FLB Huanuco Op,1,1,Temporada de lluvias: monitoreo preventivo.
2026-09-30 21:34,P004103901,FLB Tarapoto,2,2,Escenario de riesgo CENEPRED: distrito con exposición alta a inundaciones.
2026-09-30 21:34,CD-LURIN,CD Lurín,1,1,Temporada de lluvias: monitoreo preventivo.
2026-09-30 21:34,CD-VES,CD Villa El Salvador,1,1,Temporada de lluvias: monitoreo preventivo.
2026-09-30 21:34,P002100501,FLB Santa Anita,1,1,Temporada de lluvias: monitoreo preventivo.
2026-09-30 21:34,P002103001,FLB Puruchuco,1,1,Temporada de lluvias: monitoreo preventivo.
2026-09-30 21:34,P002100401,FLB Mega Plaza,1,1,Temporada de lluvias: monitoreo preventivo.
2026-09-30 21:34,P002101101,FLB Lima Norte (Plaza Norte),1,1,Temporada de lluvias: monitoreo preventivo.
2026-09-30 21:34,P002102401,FLB Bellavista,1,1,Temporada de lluvias: monitoreo preventivo.
2026-09-30 21:34,P002102801,FLB San Miguel,1,1,Temporada de lluvias: monitoreo preventivo.
2026-09-30 21:34,P002101901,FLB Mall del Sur,1,1,Temporada de lluvias: monitoreo preventivo.
2026-09-30 21:34,P002102501,FLB Atocongo,1,1,Temporada de lluvias: monitoreo preventivo.
2026-09-30 21:34,P002103101,FLB Comas,1,1,Temporada de lluvias: monitoreo preventivo.
2026-09-30 21:34,P002101801,FLB Centro Civico,1,1,Temporada de lluvias: monitoreo preventivo.
2026-09-30 21:34,P002102001,FLB Lima Centro,1,1,Temporada de lluvias: monitoreo preventivo.
2026-09-30 21:34,EXPO-LIMA-CENTRO,FLB Expo Lima Centro,1,1,Temporada de lluvias: monitoreo preventivo.
2026-09-30 21:34,P002102601,FLB Angamos,1,1,Temporada de lluvias: monitoreo preventivo.
2026-09-30 21:34,P002100301,FLB Miraflores,1,1,Temporada de lluvias: monitoreo preventivo.
2026-09-30 21:34,P002101501,FLB Salaverry,1,1,Temporada de lluvias: monitoreo preventivo.
2026-09-30 21:34,P002100201,FLB Jockey Plaza,1,1,Temporada de lluvias: monitoreo preventivo.
2026-09-30 21:34,P002100101,FLB San Isidro,1,1,Temporada de lluvias: monitoreo preventivo.
2026-09-30 21:34,CORP-SAN-ISIDRO,Corporación San Isidro (oficinas),1,1,Temporada de lluvias: monitoreo preventivo.
2026-09-30 21:34,P002103801,FLB MOLINA,1,1,Temporada de lluvias: monitoreo preventivo.
2026-09-30 21:34,P002304029,FLB Exp Tacna,1,1,Temporada de lluvias: monitoreo preventivo.
2026-09-30 21:45,P002102201,FLB Piura Centro,1,1,Temporada de lluvias: monitoreo preventivo.
2026-09-30 21:45,P002102301,FLB Piura Mall Open,1,1,Temporada de lluvias: monitoreo preventivo.
2026-09-30 21:45,P002100601,FLB Chiclayo Mall,1,1,Temporada de lluvias: monitoreo preventivo.
2026-09-30 21:45,P002100701,FLB Trujillo CC,1,1,Temporada de lluvias: monitoreo preventivo.
2026-09-30 21:45,P002100801,FLB Chimbote,1,1,Temporada de lluvias: monitoreo preventivo.
2026-09-30 21:45,P002100901,FLB Cajamarca,1,1,Temporada de lluvias: monitoreo preventivo.
2026-09-30 21:45,P002101401,FLB Canete MP,1,1,Temporada de lluvias: monitoreo preventivo.
2026-09-30 21:45,P002101201,FLB Ica Mall,1,1,Temporada de lluvias: monitoreo preventivo.
2026-09-30 21:45,P002102101,FLB Huancayo,1,1,Temporada de lluvias: monitoreo preventivo.
2026-09-30 21:45,P002103301,FLB Exp Huaraz,1,1,Temporada de lluvias: monitoreo preventivo.
2026-09-30 21:45,P002103501,FLB Exp.Ayacucho,1,1,Temporada de lluvias: monitoreo preventivo.
2026-09-30 21:45,P002102701,FLB Arequipa (Cayma),1,1,Temporada de lluvias: monitoreo preventivo.
2026-09-30 21:45,P002101001,FLB Porongoche,1,1,Temporada de lluvias: monitoreo preventivo.
2026-09-30 21:45,P002103201,FLB Cusco,1,1,Temporada de lluvias: monitoreo preventivo.
2026-09-30 21:45,P002102901,FLB Merced,1,1,Temporada de lluvias: monitoreo preventivo.
2026-09-30 21:45,P004101702,FLB Iquitos,2,2,Escenario de riesgo CENEPRED: distrito con exposición muy alta a inundaciones.
2026-09-30 21:45,P004101301,FLB Pucallpa,2,2,Escenario de riesgo CENEPRED: distrito con exposición muy alta a inundaciones.
2026-09-30 21:45,P004101601,FLB Huanuco Op,1,1,Temporada de lluvias: monitoreo preventivo.
2026-09-30 21:45,P004103901,FLB Tarapoto,2,2,Escenario de riesgo CENEPRED: distrito con exposición alta a inundaciones.
2026-09-30 21:45,CD-LURIN,CD Lurín,1,1,Temporada de lluvias: monitoreo preventivo.
2026-09-30 21:45,CD-VES,CD Villa El Salvador,1,1,Temporada de lluvias: monitoreo preventivo.
2026-09-30 21:45,P002100501,FLB Santa Anita,1,1,Temporada de lluvias: monitoreo preventivo.
2026-09-30 21:45,P002103001,FLB Puruchuco,1,1,Temporada de lluvias: monitoreo preventivo.
2026-09-30 21:45,P002100401,FLB Mega Plaza,1,1,Temporada de lluvias: monitoreo preventivo.
2026-09-30 21:45,P002101101,FLB Lima Norte (Plaza Norte),1,1,Temporada de lluvias: monitoreo preventivo.
2026-09-30 21:45,P002102401,FLB Bellavista,1,1,Temporada de lluvias: monitoreo preventivo.
2026-09-30 21:45,P002102801,FLB San Miguel,1,1,Temporada de lluvias: monitoreo preventivo.
2026-09-30 21:45,P002101901,FLB Mall del Sur,1,1,Temporada de lluvias: monitoreo preventivo.
2026-09-30 21:45,P002102501,FLB Atocongo,1,1,Temporada de lluvias: monitoreo preventivo.
2026-09-30 21:45,P002103101,FLB Comas,1,1,Temporada de lluvias: monitoreo preventivo.
2026-09-30 21:45,P002101801,FLB Centro Civico,1,1,Temporada de lluvias: monitoreo preventivo.
2026-09-30 21:45,P002102001,FLB Lima Centro,1,1,Temporada de lluvias: monitoreo preventivo.
2026-09-30 21:45,EXPO-LIMA-CENTRO,FLB Expo Lima Centro,1,1,Temporada de lluvias: monitoreo preventivo.
2026-09-30 21:45,P002102601,FLB Angamos,1,1,Temporada de lluvias: monitoreo preventivo.
2026-09-30 21:45,P002100301,FLB Miraflores,1,1,Temporada de lluvias: monitoreo preventivo.
2026-09-30 21:45,P002101501,FLB Salaverry,1,1,Temporada de lluvias: monitoreo preventivo.
2026-09-30 21:45,P002100201,FLB Jockey Plaza,1,1,Temporada de lluvias: monitoreo preventivo.
2026-09-30 21:45,P002100101,FLB San Isidro,1,1,Temporada de lluvias: monitoreo preventivo.
2026-09-30 21:45,CORP-SAN-ISIDRO,Corporación San Isidro (oficinas),1,1,Temporada de lluvias: monitoreo preventivo.
2026-09-30 21:45,P002103801,FLB MOLINA,1,1,Temporada de lluvias: monitoreo preventivo.
2026-09-30 21:45,P002304029,FLB Exp Tacna,1,1,Temporada de lluvias: monitoreo preventivo.
2026-09-30 21:50,P002102201,FLB Piura Centro,1,1,Temporada de lluvias: monitoreo preventivo.
2026-09-30 21:50,P002102301,FLB Piura Mall Open,1,1,Temporada de lluvias: monitoreo preventivo.
2026-09-30 21:50,P002100601,FLB Chiclayo Mall,1,1,Temporada de lluvias: monitoreo preventivo.
2026-09-30 21:50,P002100701,FLB Trujillo CC,1,1,Temporada de lluvias: monitoreo preventivo.
2026-09-30 21:50,P002100801,FLB Chimbote,1,1,Temporada de lluvias: monitoreo preventivo.
2026-09-30 21:50,P002100901,FLB Cajamarca,1,1,Temporada de lluvias: monitoreo preventivo.
2026-09-30 21:50,P002101401,FLB Canete MP,1,1,Temporada de lluvias: monitoreo preventivo.
2026-09-30 21:50,P002101201,FLB Ica Mall,1,1,Temporada de lluvias: monitoreo preventivo.
2026-09-30 21:50,P002102101,FLB Huancayo,1,1,Temporada de lluvias: monitoreo preventivo.
2026-09-30 21:50,P002103301,FLB Exp Huaraz,1,1,Temporada de lluvias: monitoreo preventivo.
2026-09-30 21:50,P002103501,FLB Exp.Ayacucho,1,1,Temporada de lluvias: monitoreo preventivo.
2026-09-30 21:50,P002102701,FLB Arequipa (Cayma),1,1,Temporada de lluvias: monitoreo preventivo.
2026-09-30 21:50,P002101001,FLB Porongoche,1,1,Temporada de lluvias: monitoreo preventivo.
2026-09-30 21:50,P002103201,FLB Cusco,1,1,Temporada de lluvias: monitoreo preventivo.
2026-09-30 21:50,P002102901,FLB Merced,1,1,Temporada de lluvias: monitoreo preventivo.
2026-09-30 21:50,P004101702,FLB Iquitos,2,2,Escenario de riesgo CENEPRED: distrito con exposición muy alta a inundaciones.
2026-09-30 21:50,P004101301,FLB Pucallpa,2,2,Escenario de riesgo CENEPRED: distrito con exposición muy alta a inundaciones.
2026-09-30 21:50,P004101601,FLB Huanuco Op,1,1,Temporada de lluvias: monitoreo preventivo.
2026-09-30 21:50,P004103901,FLB Tarapoto,2,2,Escenario de riesgo CENEPRED: distrito con exposición alta a inundaciones.
2026-09-30 21:50,CD-LURIN,CD Lurín,1,1,Temporada de lluvias: monitoreo preventivo.
2026-09-30 21:50,CD-VES,CD Villa El Salvador,1,1,Temporada de lluvias: monitoreo preventivo.
2026-09-30 21:50,P002100501,FLB Santa Anita,1,1,Temporada de lluvias: monitoreo preventivo.
2026-09-30 21:50,P002103001,FLB Puruchuco,1,1,Temporada de lluvias: monitoreo preventivo.
2026-09-30 21:50,P002100401,FLB Mega Plaza,1,1,Temporada de lluvias: monitoreo preventivo.
2026-09-30 21:50,P002101101,FLB Lima Norte (Plaza Norte),1,1,Temporada de lluvias: monitoreo preventivo.
2026-09-30 21:50,P002102401,FLB Bellavista,1,1,Temporada de lluvias: monitoreo preventivo.
2026-09-30 21:50,P002102801,FLB San Miguel,1,1,Temporada de lluvias: monitoreo preventivo.
2026-09-30 21:50,P002101901,FLB Mall del Sur,1,1,Temporada de lluvias: monitoreo preventivo.
2026-09-30 21:50,P002102501,FLB Atocongo,1,1,Temporada de lluvias: monitoreo preventivo.
2026-09-30 21:50,P002103101,FLB Comas,1,1,Temporada de lluvias: monitoreo preventivo.
2026-09-30 21:50,P002101801,FLB Centro Civico,1,1,Temporada de lluvias: monitoreo preventivo.
2026-09-30 21:50,P002102001,FLB Lima Centro,1,1,Temporada de lluvias: monitoreo preventivo.
2026-09-30 21:50,EXPO-LIMA-CENTRO,FLB Expo Lima Centro,1,1,Temporada de lluvias: monitoreo preventivo.
2026-09-30 21:50,P002102601,FLB Angamos,1,1,Temporada de lluvias: monitoreo preventivo.
2026-09-30 21:50,P002100301,FLB Miraflores,1,1,Temporada de lluvias: monitoreo preventivo.
2026-09-30 21:50,P002101501,FLB Salaverry,1,1,Temporada de lluvias: monitoreo preventivo.
2026-09-30 21:50,P002100201,FLB Jockey Plaza,1,1,Temporada de lluvias: monitoreo preventivo.
2026-09-30 21:50,P002100101,FLB San Isidro,1,1,Temporada de lluvias: monitoreo preventivo.
2026-09-30 21:50,CORP-SAN-ISIDRO,Corporación San Isidro (oficinas),1,1,Temporada de lluvias: monitoreo preventivo.
2026-09-30 21:50,P002103801,FLB MOLINA,1,1,Temporada de lluvias: monitoreo preventivo.
2026-09-30 21:50,P002304029,FLB Exp Tacna,1,1,Temporada de lluvias: monitoreo preventivo.
2026-09-30 22:08,P002102201,FLB Piura Centro,1,1,Temporada de lluvias: monitoreo preventivo.
2026-09-30 22:08,P002102301,FLB Piura Mall Open,1,1,Temporada de lluvias: monitoreo preventivo.
2026-09-30 22:08,P002100601,FLB Chiclayo Mall,1,1,Temporada de lluvias: monitoreo preventivo.
2026-09-30 22:08,P002100701,FLB Trujillo CC,1,1,Temporada de lluvias: monitoreo preventivo.
2026-09-30 22:08,P002100801,FLB Chimbote,1,1,Temporada de lluvias: monitoreo preventivo.
2026-09-30 22:08,P002100901,FLB Cajamarca,1,1,Temporada de lluvias: monitoreo preventivo.
2026-09-30 22:08,P002101401,FLB Canete MP,1,1,Temporada de lluvias: monitoreo preventivo.
2026-09-30 22:08,P002101201,FLB Ica Mall,1,1,Temporada de lluvias: monitoreo preventivo.
2026-09-30 22:08,P002102101,FLB Huancayo,1,1,Temporada de lluvias: monitoreo preventivo.
2026-09-30 22:08,P002103301,FLB Exp Huaraz,1,1,Temporada de lluvias: monitoreo preventivo.
2026-09-30 22:08,P002103501,FLB Exp.Ayacucho,1,1,Temporada de lluvias: monitoreo preventivo.
2026-09-30 22:08,P002102701,FLB Arequipa (Cayma),1,1,Temporada de lluvias: monitoreo preventivo.
2026-09-30 22:08,P002101001,FLB Porongoche,1,1,Temporada de lluvias: monitoreo preventivo.
2026-09-30 22:08,P002103201,FLB Cusco,1,1,Temporada de lluvias: monitoreo preventivo.
2026-09-30 22:08,P002102901,FLB Merced,1,1,Temporada de lluvias: monitoreo preventivo.
2026-09-30 22:08,P004101702,FLB Iquitos,2,2,Escenario de riesgo CENEPRED: distrito con exposición muy alta a inundaciones.
2026-09-30 22:08,P004101301,FLB Pucallpa,2,2,Escenario de riesgo CENEPRED: distrito con exposición muy alta a inundaciones.
2026-09-30 22:08,P004101601,FLB Huanuco Op,1,1,Temporada de lluvias: monitoreo preventivo.
2026-09-30 22:08,P004103901,FLB Tarapoto,2,2,Escenario de riesgo CENEPRED: distrito con exposición alta a inundaciones.
2026-09-30 22:08,CD-LURIN,CD Lurín,1,1,Temporada de lluvias: monitoreo preventivo.
2026-09-30 22:08,CD-VES,CD Villa El Salvador,1,1,Temporada de lluvias: monitoreo preventivo.
2026-09-30 22:08,P002100501,FLB Santa Anita,1,1,Temporada de lluvias: monitoreo preventivo.
2026-09-30 22:08,P002103001,FLB Puruchuco,1,1,Temporada de lluvias: monitoreo preventivo.
2026-09-30 22:08,P002100401,FLB Mega Plaza,1,1,Temporada de lluvias: monitoreo preventivo.
2026-09-30 22:08,P002101101,FLB Lima Norte (Plaza Norte),1,1,Temporada de lluvias: monitoreo preventivo.
2026-09-30 22:08,P002102401,FLB Bellavista,1,1,Temporada de lluvias: monitoreo preventivo.
2026-09-30 22:08,P002102801,FLB San Miguel,1,1,Temporada de lluvias: monitoreo preventivo.
2026-09-30 22:08,P002101901,FLB Mall del Sur,1,1,Temporada de lluvias: monitoreo preventivo.
2026-09-30 22:08,P002102501,FLB Atocongo,1,1,Temporada de lluvias: monitoreo preventivo.
2026-09-30 22:08,P002103101,FLB Comas,1,1,Temporada de lluvias: monitoreo preventivo.
2026-09-30 22:08,P002101801,FLB Centro Civico,1,1,Temporada de lluvias: monitoreo preventivo.
2026-09-30 22:08,P002102001,FLB Lima Centro,1,1,Temporada de lluvias: monitoreo preventivo.
2026-09-30 22:08,EXPO-LIMA-CENTRO,FLB Expo Lima Centro,1,1,Temporada de lluvias: monitoreo preventivo.
2026-09-30 22:08,P002102601,FLB Angamos,1,1,Temporada de lluvias: monitoreo preventivo.
2026-09-30 22:08,P002100301,FLB Miraflores,1,1,Temporada de lluvias: monitoreo preventivo.
2026-09-30 22:08,P002101501,FLB Salaverry,1,1,Temporada de lluvias: monitoreo preventivo.
2026-09-30 22:08,P002100201,FLB Jockey Plaza,1,1,Temporada de lluvias: monitoreo preventivo.
2026-09-30 22:08,P002100101,FLB San Isidro,1,1,Temporada de lluvias: monitoreo preventivo.
2026-09-30 22:08,CORP-SAN-ISIDRO,Corporación San Isidro (oficinas),1,1,Temporada de lluvias: monitoreo preventivo.
2026-09-30 22:08,P002103801,FLB MOLINA,1,1,Temporada de lluvias: monitoreo preventivo.
2026-09-30 22:08,P002304029,FLB Exp Tacna,1,1,Temporada de lluvias: monitoreo preventivo.
2026-10-01 03:54,P002102201,FLB Piura Centro,1,1,Temporada de lluvias: monitoreo preventivo.
2026-10-01 03:54,P002102301,FLB Piura Mall Open,1,1,Temporada de lluvias: monitoreo preventivo.
2026-10-01 03:54,P002100601,FLB Chiclayo Mall,1,1,Temporada de lluvias: monitoreo preventivo.
2026-10-01 03:54,P002100701,FLB Trujillo CC,1,1,Temporada de lluvias: monitoreo preventivo.
2026-10-01 03:54,P002100801,FLB Chimbote,1,1,Temporada de lluvias: monitoreo preventivo.
2026-10-01 03:54,P002100901,FLB Cajamarca,1,1,Temporada de lluvias: monitoreo preventivo.
2026-10-01 03:54,P002101401,FLB Canete MP,1,1,Temporada de lluvias: monitoreo preventivo.
2026-10-01 03:54,P002101201,FLB Ica Mall,1,1,Temporada de lluvias: monitoreo preventivo.
2026-10-01 03:54,P002102101,FLB Huancayo,1,1,Temporada de lluvias: monitoreo preventivo.
2026-10-01 03:54,P002103301,FLB Exp Huaraz,1,1,Temporada de lluvias: monitoreo preventivo.
2026-10-01 03:54,P002103501,FLB Exp.Ayacucho,1,1,Temporada de lluvias: monitoreo preventivo.
2026-10-01 03:54,P002102701,FLB Arequipa (Cayma),1,1,Temporada de lluvias: monitoreo preventivo.
2026-10-01 03:54,P002101001,FLB Porongoche,1,1,Temporada de lluvias: monitoreo preventivo.
2026-10-01 03:54,P002103201,FLB Cusco,1,1,Temporada de lluvias: monitoreo preventivo.
2026-10-01 03:54,P002102901,FLB Merced,1,1,Temporada de lluvias: monitoreo preventivo.
2026-10-01 03:54,P004101702,FLB Iquitos,2,2,Escenario de riesgo CENEPRED: distrito con exposición muy alta a inundaciones.
2026-10-01 03:54,P004101301,FLB Pucallpa,2,2,Escenario de riesgo CENEPRED: distrito con exposición muy alta a inundaciones.
2026-10-01 03:54,P004101601,FLB Huanuco Op,1,1,Temporada de lluvias: monitoreo preventivo.
2026-10-01 03:54,P004103901,FLB Tarapoto,2,2,Escenario de riesgo CENEPRED: distrito con exposición alta a inundaciones.
2026-10-01 03:54,CD-LURIN,CD Lurín,1,1,Temporada de lluvias: monitoreo preventivo.
2026-10-01 03:54,CD-VES,CD Villa El Salvador,1,1,Temporada de lluvias: monitoreo preventivo.
2026-10-01 03:54,P002100501,FLB Santa Anita,1,1,Temporada de lluvias: monitoreo preventivo.
2026-10-01 03:54,P002103001,FLB Puruchuco,1,1,Temporada de lluvias: monitoreo preventivo.
2026-10-01 03:54,P002100401,FLB Mega Plaza,1,1,Temporada de lluvias: monitoreo preventivo.
2026-10-01 03:54,P002101101,FLB Lima Norte (Plaza Norte),1,1,Temporada de lluvias: monitoreo preventivo.
2026-10-01 03:54,P002102401,FLB Bellavista,1,1,Temporada de lluvias: monitoreo preventivo.
2026-10-01 03:54,P002102801,FLB San Miguel,1,1,Temporada de lluvias: monitoreo preventivo.
2026-10-01 03:54,P002101901,FLB Mall del Sur,1,1,Temporada de lluvias: monitoreo preventivo.
2026-10-01 03:54,P002102501,FLB Atocongo,1,1,Temporada de lluvias: monitoreo preventivo.
2026-10-01 03:54,P002103101,FLB Comas,1,1,Temporada de lluvias: monitoreo preventivo.
2026-10-01 03:54,P002101801,FLB Centro Civico,1,1,Temporada de lluvias: monitoreo preventivo.
2026-10-01 03:54,P002102001,FLB Lima Centro,1,1,Temporada de lluvias: monitoreo preventivo.
2026-10-01 03:54,EXPO-LIMA-CENTRO,FLB Expo Lima Centro,1,1,Temporada de lluvias: monitoreo preventivo.
2026-10-01 03:54,P002102601,FLB Angamos,1,1,Temporada de lluvias: monitoreo preventivo.
2026-10-01 03:54,P002100301,FLB Miraflores,1,1,Temporada de lluvias: monitoreo preventivo.
2026-10-01 03:54,P002101501,FLB Salaverry,1,1,Temporada de lluvias: monitoreo preventivo.
2026-10-01 03:54,P002100201,FLB Jockey Plaza,1,1,Temporada de lluvias: monitoreo preventivo.
2026-10-01 03:54,P002100101,FLB San Isidro,1,1,Temporada de lluvias: monitoreo preventivo.
2026-10-01 03:54,CORP-SAN-ISIDRO,Corporación San Isidro (oficinas),1,1,Temporada de lluvias: monitoreo preventivo.
2026-10-01 03:54,P002103801,FLB MOLINA,1,1,Temporada de lluvias: monitoreo preventivo.
2026-10-01 03:54,P002304029,FLB Exp Tacna,1,1,Temporada de lluvias: monitoreo preventivo.
2026-10-01 11:26,P002102201,FLB Piura Centro,1,1,Temporada de lluvias: monitoreo preventivo.
2026-10-01 11:26,P002102301,FLB Piura Mall Open,1,1,Temporada de lluvias: monitoreo preventivo.
2026-10-01 11:26,P002100601,FLB Chiclayo Mall,1,1,Temporada de lluvias: monitoreo preventivo.
2026-10-01 11:26,P002100701,FLB Trujillo CC,1,1,Temporada de lluvias: monitoreo preventivo.
2026-10-01 11:26,P002100801,FLB Chimbote,1,1,Temporada de lluvias: monitoreo preventivo.
2026-10-01 11:26,P002100901,FLB Cajamarca,1,1,Temporada de lluvias: monitoreo preventivo.
2026-10-01 11:26,P002101401,FLB Canete MP,1,1,Temporada de lluvias: monitoreo preventivo.
2026-10-01 11:26,P002101201,FLB Ica Mall,1,1,Temporada de lluvias: monitoreo preventivo.
2026-10-01 11:26,P002102101,FLB Huancayo,1,1,Temporada de lluvias: monitoreo preventivo.
2026-10-01 11:26,P002103301,FLB Exp Huaraz,1,1,Temporada de lluvias: monitoreo preventivo.
2026-10-01 11:26,P002103501,FLB Exp.Ayacucho,1,1,Temporada de lluvias: monitoreo preventivo.
2026-10-01 11:26,P002102701,FLB Arequipa (Cayma),1,1,Temporada de lluvias: monitoreo preventivo.
2026-10-01 11:26,P002101001,FLB Porongoche,1,1,Temporada de lluvias: monitoreo preventivo.
2026-10-01 11:26,P002103201,FLB Cusco,1,1,Temporada de lluvias: monitoreo preventivo.
2026-10-01 11:26,P002102901,FLB Merced,1,1,Temporada de lluvias: monitoreo preventivo.
2026-10-01 11:26,P004101702,FLB Iquitos,2,2,Escenario de riesgo CENEPRED: distrito con exposición muy alta a inundaciones.
2026-10-01 11:26,P004101301,FLB Pucallpa,2,2,Escenario de riesgo CENEPRED: distrito con exposición muy alta a inundaciones.
2026-10-01 11:26,P004101601,FLB Huanuco Op,1,1,Temporada de lluvias: monitoreo preventivo.
2026-10-01 11:26,P004103901,FLB Tarapoto,2,2,Escenario de riesgo CENEPRED: distrito con exposición alta a inundaciones.
2026-10-01 11:26,CD-LURIN,CD Lurín,1,1,Temporada de lluvias: monitoreo preventivo.
2026-10-01 11:26,CD-VES,CD Villa El Salvador,1,1,Temporada de lluvias: monitoreo preventivo.
2026-10-01 11:26,P002100501,FLB Santa Anita,1,1,Temporada de lluvias: monitoreo preventivo.
2026-10-01 11:26,P002103001,FLB Puruchuco,1,1,Temporada de lluvias: monitoreo preventivo.
2026-10-01 11:26,P002100401,FLB Mega Plaza,1,1,Temporada de lluvias: monitoreo preventivo.
2026-10-01 11:26,P002101101,FLB Lima Norte (Plaza Norte),1,1,Temporada de lluvias: monitoreo preventivo.
2026-10-01 11:26,P002102401,FLB Bellavista,1,1,Temporada de lluvias: monitoreo preventivo.
2026-10-01 11:26,P002102801,FLB San Miguel,1,1,Temporada de lluvias: monitoreo preventivo.
2026-10-01 11:26,P002101901,FLB Mall del Sur,1,1,Temporada de lluvias: monitoreo preventivo.
2026-10-01 11:26,P002102501,FLB Atocongo,1,1,Temporada de lluvias: monitoreo preventivo.
2026-10-01 11:26,P002103101,FLB Comas,1,1,Temporada de lluvias: monitoreo preventivo.
2026-10-01 11:26,P002101801,FLB Centro Civico,1,1,Temporada de lluvias: monitoreo preventivo.
2026-10-01 11:26,P002102001,FLB Lima Centro,1,1,Temporada de lluvias: monitoreo preventivo.
2026-10-01 11:26,EXPO-LIMA-CENTRO,FLB Expo Lima Centro,1,1,Temporada de lluvias: monitoreo preventivo.
2026-10-01 11:26,P002102601,FLB Angamos,1,1,Temporada de lluvias: monitoreo preventivo.
2026-10-01 11:26,P002100301,FLB Miraflores,1,1,Temporada de lluvias: monitoreo preventivo.
2026-10-01 11:26,P002101501,FLB Salaverry,1,1,Temporada de lluvias: monitoreo preventivo.
2026-10-01 11:26,P002100201,FLB Jockey Plaza,1,1,Temporada de lluvias: monitoreo preventivo.
2026-10-01 11:26,P002100101,FLB San Isidro,1,1,Temporada de lluvias: monitoreo preventivo.
2026-10-01 11:26,CORP-SAN-ISIDRO,Corporación San Isidro (oficinas),1,1,Temporada de lluvias: monitoreo preventivo.
2026-10-01 11:26,P002103801,FLB MOLINA,1,1,Temporada de lluvias: monitoreo preventivo.
2026-10-01 11:26,P002304029,FLB Exp Tacna,1,1,Temporada de lluvias: monitoreo preventivo.
2026-10-01 12:35,P002102201,FLB Piura Centro,1,1,Temporada de lluvias: monitoreo preventivo.
2026-10-01 12:35,P002102301,FLB Piura Mall Open,1,1,Temporada de lluvias: monitoreo preventivo.
2026-10-01 12:35,P002100601,FLB Chiclayo Mall,1,1,Temporada de lluvias: monitoreo preventivo.
2026-10-01 12:35,P002100701,FLB Trujillo CC,1,1,Temporada de lluvias: monitoreo preventivo.
2026-10-01 12:35,P002100801,FLB Chimbote,1,1,Temporada de lluvias: monitoreo preventivo.
2026-10-01 12:35,P002100901,FLB Cajamarca,1,1,Temporada de lluvias: monitoreo preventivo.
2026-10-01 12:35,P002101401,FLB Canete MP,1,1,Temporada de lluvias: monitoreo preventivo.
2026-10-01 12:35,P002101201,FLB Ica Mall,1,1,Temporada de lluvias: monitoreo preventivo.
2026-10-01 12:35,P002102101,FLB Huancayo,1,1,Temporada de lluvias: monitoreo preventivo.
2026-10-01 12:35,P002103301,FLB Exp Huaraz,1,1,Temporada de lluvias: monitoreo preventivo.
2026-10-01 12:35,P002103501,FLB Exp.Ayacucho,1,1,Temporada de lluvias: monitoreo preventivo.
2026-10-01 12:35,P002102701,FLB Arequipa (Cayma),1,1,Temporada de lluvias: monitoreo preventivo.
2026-10-01 12:35,P002101001,FLB Porongoche,1,1,Temporada de lluvias: monitoreo preventivo.
2026-10-01 12:35,P002103201,FLB Cusco,1,1,Temporada de lluvias: monitoreo preventivo.
2026-10-01 12:35,P002102901,FLB Merced,1,1,Temporada de lluvias: monitoreo preventivo.
2026-10-01 12:35,P004101702,FLB Iquitos,2,2,Escenario de riesgo CENEPRED: distrito con exposición muy alta a inundaciones.
2026-10-01 12:35,P004101301,FLB Pucallpa,2,2,Escenario de riesgo CENEPRED: distrito con exposición muy alta a inundaciones.
2026-10-01 12:35,P004101601,FLB Huanuco Op,1,1,Temporada de lluvias: monitoreo preventivo.
2026-10-01 12:35,P004103901,FLB Tarapoto,2,2,Escenario de riesgo CENEPRED: distrito con exposición alta a inundaciones.
2026-10-01 12:35,CD-LURIN,CD Lurín,1,1,Temporada de lluvias: monitoreo preventivo.
2026-10-01 12:35,CD-VES,CD Villa El Salvador,1,1,Temporada de lluvias: monitoreo preventivo.
2026-10-01 12:35,P002100501,FLB Santa Anita,1,1,Temporada de lluvias: monitoreo preventivo.
2026-10-01 12:35,P002103001,FLB Puruchuco,1,1,Temporada de lluvias: monitoreo preventivo.
2026-10-01 12:35,P002100401,FLB Mega Plaza,1,1,Temporada de lluvias: monitoreo preventivo.
2026-10-01 12:35,P002101101,FLB Lima Norte (Plaza Norte),1,1,Temporada de lluvias: monitoreo preventivo.
2026-10-01 12:35,P002102401,FLB Bellavista,1,1,Temporada de lluvias: monitoreo preventivo.
2026-10-01 12:35,P002102801,FLB San Miguel,1,1,Temporada de lluvias: monitoreo preventivo.
2026-10-01 12:35,P002101901,FLB Mall del Sur,1,1,Temporada de lluvias: monitoreo preventivo.
2026-10-01 12:35,P002102501,FLB Atocongo,1,1,Temporada de lluvias: monitoreo preventivo.
2026-10-01 12:35,P002103101,FLB Comas,1,1,Temporada de lluvias: monitoreo preventivo.
2026-10-01 12:35,P002101801,FLB Centro Civico,1,1,Temporada de lluvias: monitoreo preventivo.
2026-10-01 12:35,P002102001,FLB Lima Centro,1,1,Temporada de lluvias: monitoreo preventivo.
2026-10-01 12:35,EXPO-LIMA-CENTRO,FLB Expo Lima Centro,1,1,Temporada de lluvias: monitoreo preventivo.
2026-10-01 12:35,P002102601,FLB Angamos,1,1,Temporada de lluvias: monitoreo preventivo.
2026-10-01 12:35,P002100301,FLB Miraflores,1,1,Temporada de lluvias: monitoreo preventivo.
2026-10-01 12:35,P002101501,FLB Salaverry,1,1,Temporada de lluvias: monitoreo preventivo.
2026-10-01 12:35,P002100201,FLB Jockey Plaza,1,1,Temporada de lluvias: monitoreo preventivo.
2026-10-01 12:35,P002100101,FLB San Isidro,1,1,Temporada de lluvias: monitoreo preventivo.
2026-10-01 12:35,CORP-SAN-ISIDRO,Corporación San Isidro (oficinas),1,1,Temporada de lluvias: monitoreo preventivo.
2026-10-01 12:35,P002103801,FLB MOLINA,1,1,Temporada de lluvias: monitoreo preventivo.
2026-10-01 12:35,P002304029,FLB Exp Tacna,1,1,Temporada de lluvias: monitoreo preventivo.
2026-10-01 16:49,P002102201,FLB Piura Centro,1,1,Temporada de lluvias: monitoreo preventivo.
2026-10-01 16:49,P002102301,FLB Piura Mall Open,1,1,Temporada de lluvias: monitoreo preventivo.
2026-10-01 16:49,P002100601,FLB Chiclayo Mall,1,1,Temporada de lluvias: monitoreo preventivo.
2026-10-01 16:49,P002100701,FLB Trujillo CC,1,1,Temporada de lluvias: monitoreo preventivo.
2026-10-01 16:49,P002100801,FLB Chimbote,1,1,Temporada de lluvias: monitoreo preventivo.
2026-10-01 16:49,P002100901,FLB Cajamarca,1,1,Temporada de lluvias: monitoreo preventivo.
2026-10-01 16:49,P002101401,FLB Canete MP,1,1,Temporada de lluvias: monitoreo preventivo.
2026-10-01 16:49,P002101201,FLB Ica Mall,1,1,Temporada de lluvias: monitoreo preventivo.
2026-10-01 16:49,P002102101,FLB Huancayo,1,1,Temporada de lluvias: monitoreo preventivo.
2026-10-01 16:49,P002103301,FLB Exp Huaraz,1,1,Temporada de lluvias: monitoreo preventivo.
2026-10-01 16:49,P002103501,FLB Exp.Ayacucho,1,1,Temporada de lluvias: monitoreo preventivo.
2026-10-01 16:49,P002102701,FLB Arequipa (Cayma),1,1,Temporada de lluvias: monitoreo preventivo.
2026-10-01 16:49,P002101001,FLB Porongoche,1,1,Temporada de lluvias: monitoreo preventivo.
2026-10-01 16:49,P002103201,FLB Cusco,1,1,Temporada de lluvias: monitoreo preventivo.
2026-10-01 16:49,P002102901,FLB Merced,1,1,Temporada de lluvias: monitoreo preventivo.
2026-10-01 16:49,P004101702,FLB Iquitos,2,2,Escenario de riesgo CENEPRED: distrito con exposición muy alta a inundaciones.
2026-10-01 16:49,P004101301,FLB Pucallpa,2,2,Escenario de riesgo CENEPRED: distrito con exposición muy alta a inundaciones.
2026-10-01 16:49,P004101601,FLB Huanuco Op,1,1,Temporada de lluvias: monitoreo preventivo.
2026-10-01 16:49,P004103901,FLB Tarapoto,2,2,Escenario de riesgo CENEPRED: distrito con exposición alta a inundaciones.
2026-10-01 16:49,CD-LURIN,CD Lurín,1,1,Temporada de lluvias: monitoreo preventivo.
2026-10-01 16:49,CD-VES,CD Villa El Salvador,1,1,Temporada de lluvias: monitoreo preventivo.
2026-10-01 16:49,P002100501,FLB Santa Anita,1,1,Temporada de lluvias: monitoreo preventivo.
2026-10-01 16:49,P002103001,FLB Puruchuco,1,1,Temporada de lluvias: monitoreo preventivo.
2026-10-01 16:49,P002100401,FLB Mega Plaza,1,1,Temporada de lluvias: monitoreo preventivo.
2026-10-01 16:49,P002101101,FLB Lima Norte (Plaza Norte),1,1,Temporada de lluvias: monitoreo preventivo.
2026-10-01 16:49,P002102401,FLB Bellavista,1,1,Temporada de lluvias: monitoreo preventivo.
2026-10-01 16:49,P002102801,FLB San Miguel,1,1,Temporada de lluvias: monitoreo preventivo.
2026-10-01 16:49,P002101901,FLB Mall del Sur,1,1,Temporada de lluvias: monitoreo preventivo.
2026-10-01 16:49,P002102501,FLB Atocongo,1,1,Temporada de lluvias: monitoreo preventivo.
2026-10-01 16:49,P002103101,FLB Comas,1,1,Temporada de lluvias: monitoreo preventivo.
2026-10-01 16:49,P002101801,FLB Centro Civico,1,1,Temporada de lluvias: monitoreo preventivo.
2026-10-01 16:49,P002102001,FLB Lima Centro,1,1,Temporada de lluvias: monitoreo preventivo.
2026-10-01 16:49,EXPO-LIMA-CENTRO,FLB Expo Lima Centro,1,1,Temporada de lluvias: monitoreo preventivo.
2026-10-01 16:49,P002102601,FLB Angamos,1,1,Temporada de lluvias: monitoreo preventivo.
2026-10-01 16:49,P002100301,FLB Miraflores,1,1,Temporada de lluvias: monitoreo preventivo.
2026-10-01 16:49,P002101501,FLB Salaverry,1,1,Temporada de lluvias: monitoreo preventivo.
2026-10-01 16:49,P002100201,FLB Jockey Plaza,1,1,Temporada de lluvias: monitoreo preventivo.
2026-10-01 16:49,P002100101,FLB San Isidro,1,1,Temporada de lluvias: monitoreo preventivo.
2026-10-01 16:49,CORP-SAN-ISIDRO,Corporación San Isidro (oficinas),1,1,Temporada de lluvias: monitoreo preventivo.
2026-10-01 16:49,P002103801,FLB MOLINA,1,1,Temporada de lluvias: monitoreo preventivo.
2026-10-01 16:49,P002304029,FLB Exp Tacna,1,1,Temporada de lluvias: monitoreo preventivo.
2026-10-01 19:41,P002102201,FLB Piura Centro,1,1,Temporada de lluvias: monitoreo preventivo.
2026-10-01 19:41,P002102301,FLB Piura Mall Open,1,1,Temporada de lluvias: monitoreo preventivo.
2026-10-01 19:41,P002100601,FLB Chiclayo Mall,1,1,Temporada de lluvias: monitoreo preventivo.
2026-10-01 19:41,P002100701,FLB Trujillo CC,1,1,Temporada de lluvias: monitoreo preventivo.
2026-10-01 19:41,P002100801,FLB Chimbote,1,1,Temporada de lluvias: monitoreo preventivo.
2026-10-01 19:41,P002100901,FLB Cajamarca,1,1,Temporada de lluvias: monitoreo preventivo.
2026-10-01 19:41,P002101401,FLB Canete MP,1,1,Temporada de lluvias: monitoreo preventivo.
2026-10-01 19:41,P002101201,FLB Ica Mall,1,1,Temporada de lluvias: monitoreo preventivo.
2026-10-01 19:41,P002102101,FLB Huancayo,1,1,Temporada de lluvias: monitoreo preventivo.
2026-10-01 19:41,P002103301,FLB Exp Huaraz,1,1,Temporada de lluvias: monitoreo preventivo.
2026-10-01 19:41,P002103501,FLB Exp.Ayacucho,1,1,Temporada de lluvias: monitoreo preventivo.
2026-10-01 19:41,P002102701,FLB Arequipa (Cayma),1,1,Temporada de lluvias: monitoreo preventivo.
2026-10-01 19:41,P002101001,FLB Porongoche,1,1,Temporada de lluvias: monitoreo preventivo.
2026-10-01 19:41,P002103201,FLB Cusco,1,1,Temporada de lluvias: monitoreo preventivo.
2026-10-01 19:41,P002102901,FLB Merced,1,1,Temporada de lluvias: monitoreo preventivo.
2026-10-01 19:41,P004101702,FLB Iquitos,2,2,Escenario de riesgo CENEPRED: distrito con exposición muy alta a inundaciones.
2026-10-01 19:41,P004101301,FLB Pucallpa,2,2,Escenario de riesgo CENEPRED: distrito con exposición muy alta a inundaciones.
2026-10-01 19:41,P004101601,FLB Huanuco Op,1,1,Temporada de lluvias: monitoreo preventivo.
2026-10-01 19:41,P004103901,FLB Tarapoto,2,2,Escenario de riesgo CENEPRED: distrito con exposición alta a inundaciones.
2026-10-01 19:41,CD-LURIN,CD Lurín,1,1,Temporada de lluvias: monitoreo preventivo.
2026-10-01 19:41,CD-VES,CD Villa El Salvador,1,1,Temporada de lluvias: monitoreo preventivo.
2026-10-01 19:41,P002100501,FLB Santa Anita,1,1,Temporada de lluvias: monitoreo preventivo.
2026-10-01 19:41,P002103001,FLB Puruchuco,1,1,Temporada de lluvias: monitoreo preventivo.
2026-10-01 19:41,P002100401,FLB Mega Plaza,1,1,Temporada de lluvias: monitoreo preventivo.
2026-10-01 19:41,P002101101,FLB Lima Norte (Plaza Norte),1,1,Temporada de lluvias: monitoreo preventivo.
2026-10-01 19:41,P002102401,FLB Bellavista,1,1,Temporada de lluvias: monitoreo preventivo.
2026-10-01 19:41,P002102801,FLB San Miguel,1,1,Temporada de lluvias: monitoreo preventivo.
2026-10-01 19:41,P002101901,FLB Mall del Sur,1,1,Temporada de lluvias: monitoreo preventivo.
2026-10-01 19:41,P002102501,FLB Atocongo,1,1,Temporada de lluvias: monitoreo preventivo.
2026-10-01 19:41,P002103101,FLB Comas,1,1,Temporada de lluvias: monitoreo preventivo.
2026-10-01 19:41,P002101801,FLB Centro Civico,1,1,Temporada de lluvias: monitoreo preventivo.
2026-10-01 19:41,P002102001,FLB Lima Centro,1,1,Temporada de lluvias: monitoreo preventivo.
2026-10-01 19:41,EXPO-LIMA-CENTRO,FLB Expo Lima Centro,1,1,Temporada de lluvias: monitoreo preventivo.
2026-10-01 19:41,P002102601,FLB Angamos,1,1,Temporada de lluvias: monitoreo preventivo.
2026-10-01 19:41,P002100301,FLB Miraflores,1,1,Temporada de lluvias: monitoreo preventivo.
2026-10-01 19:41,P002101501,FLB Salaverry,1,1,Temporada de lluvias: monitoreo preventivo.
2026-10-01 19:41,P002100201,FLB Jockey Plaza,1,1,Temporada de lluvias: monitoreo preventivo.
2026-10-01 19:41,P002100101,FLB San Isidro,1,1,Temporada de lluvias: monitoreo preventivo.
2026-10-01 19:41,CORP-SAN-ISIDRO,Corporación San Isidro (oficinas),1,1,Temporada de lluvias: monitoreo preventivo.
2026-10-01 19:41,P002103801,FLB MOLINA,1,1,Temporada de lluvias: monitoreo preventivo.
2026-10-01 19:41,P002304029,FLB Exp Tacna,1,1,Temporada de lluvias: monitoreo preventivo.
